Content,Type
"URGENT. Important information for 02 user. Today is your lucky day! 2 find out why , log onto http://www.urawinner.com there is a fantastic surprise awaiting you !",harmful
Do you want a NEW video phone750 anytime any network mins 150 text for only five pounds per week call 08000776320 now or reply for delivery tomorrow,harmful
Promotion Number: 8714714 - UR awarded a City Break and could WIN a £200 Summer Shopping spree every WK. Txt STORE to 88039 . SkilGme. TsCs087147403231Winawk!Age16 £1.50perWKsub,harmful
"Congrats! 2 mobile 3G Videophones R yours. call 09063458130 now! videochat wid your mates, play java games, Dload polyPH music, noline rentl.",harmful
"Twinks, bears, scallies, skins and jocks are calling now. Don't miss the weekend's fun. Call 08712466669 at 10p/min. 2 stop texts call 08712460324(nat rate)",harmful
PRIVATE! Your 2003 Account Statement for shows 800 un-redeemed S. I. M. points. Call 08715203694 Identifier Code: 40533 Expires 31/10/04,harmful
"England v Macedonia - dont miss the goals/team news. Txt ur national team to 87077 eg ENGLAND to 87077 Try:WALES, SCOTLAND 4txt/ú1.20 POBOXox36504W45WQ 16+",harmful
"ou are guaranteed the latest Nokia Phone, a 40GB iPod MP3 player or a £500 prize! Txt word: COLLECT to No: 83355! IBHltd LdnW15H 150p/Mtmsgrcvd18",harmful
"URGENT!! Your 4* Costa Del Sol Holiday or £5000 await collection. Call 09050090044 Now toClaim. SAE, TC s, POBox334, Stockport, SK38xh, Cost£1.50/pm, Max10mins",harmful
We tried to contact you re your reply to our offer of 750 mins 150 textand a new video phone call 08002988890 now or reply for free delivery tomorrow,harmful
Babe: U want me dont u baby! Im nasty and have a thing 4 filthyguys. Fancy a rude time with a sexy bitch. How about we go slo n hard! Txt XXX SLO(4msgs),harmful
Your B4U voucher w/c 27/03 is MARSMS. Log onto www.B4Utele.com for discount credit. To opt out reply stop. Customer care call 08717168528,harmful
RT-KIng Pro Video Club>> Need help? info@ringtoneking.co.uk or call 08701237397 You must be 16+ Club credits redeemable at www.ringtoneking.co.uk! Enjoy!,harmful
FREE for 1st week! No1 Nokia tone 4 ur mob every week just txt NOKIA to 8007 Get txting and tell ur mates www.getzed.co.uk POBox 36504 W45WQ norm150p/tone 16+,harmful
Congrats! Nokia 3650 video camera phone is your Call 09066382422 Calls cost 150ppm Ave call 3mins vary from mobiles 16+ Close 300603 post BCM4284 Ldn WC1N3XX,harmful
"TheMob>Hit the link to get a premium Pink Panther game, the new no. 1 from Sugababes, a crazy Zebra animation or a badass Hoody wallpaper-all 4 FREE!",harmful
"Someone U know has asked our dating service 2 contact you! Cant guess who? CALL 09058095107 NOW all will be revealed. POBox 7, S3XY 150p",harmful
URGENT! Your Mobile number has been awarded with a £2000 prize GUARANTEED. Call 09061790121 from land line. Claim 3030. Valid 12hrs only 150ppm,harmful
Back 2 work 2morro half term over! Can U C me 2nite 4 some sexy passion B4 I have 2 go back? Chat NOW 09099726481 Luv DENA Calls £1/minMobsmoreLKPOBOX177HP51FL,harmful
Had your mobile 10 mths? Update to latest Orange camera/video phones for FREE. Save £s with Free texts/weekend calls. Text YES for a callback orno to opt out,harmful
"Urgent UR awarded a complimentary trip to EuroDisinc Trav, Aco&Entry41 Or £1000. To claim txt DIS to 87121 18+6*£1.50(moreFrmMob. ShrAcomOrSglSuplt)10, LS1 3AJ",harmful
Someone U know has asked our dating service 2 contact you! Cant Guess who? CALL 09058091854 NOW all will be revealed. PO BOX385 M6 6WU,harmful
"Wan2 win a Meet+Greet with Westlife 4 U or a m8? They are currently on what tour? 1)Unbreakable, 2)Untamed, 3)Unkempt. Text 1,2 or 3 to 83049. Cost 50p +std text",harmful
Call FREEPHONE 0800 542 0578 now!,harmful
"Dear Matthew please call 09063440451 from a landline, your complimentary 4*Lux Tenerife holiday or £1000 CASH await collection. ppm150 SAE T&Cs Box334 SK38XH.",harmful
"FREE NOKIA Or Motorola with upto 12mths 1/2price linerental, 500 FREE x-net mins&100txt/mth FREE B'tooth*. Call Mobileupd8 on 08001950382 or call 2optout/D3WV",harmful
December only! Had your mobile 11mths+? You are entitled to update to the latest colour camera mobile for Free! Call The Mobile Update VCo FREE on 08002986906,harmful
You are a winner U have been specially selected 2 receive £1000 cash or a 4* holiday (flights inc) speak to a live operator 2 claim 0871277810810,harmful
We tried to contact you re your reply to our offer of a Video Handset? 750 anytime any networks mins? UNLIMITED TEXT? Camcorder? Reply or call 08000930705 NOW,harmful
1st wk FREE! Gr8 tones str8 2 u each wk. Txt NOKIA ON to 8007 for Classic Nokia tones or HIT ON to 8007 for Polys. Nokia/150p Poly/200p 16+,harmful
"New Tones This week include: 1)McFly-All Ab.., 2) Sara Jorge-Shock.. 3) Will Smith-Switch.. To order follow instructions on next message",harmful
"FreeMsg Hey U, i just got 1 of these video/pic fones, reply WILD to this txt & ill send U my pics, hurry up Im so bored at work xxx (18 150p/rcvd STOP2stop)",harmful
Free entry in 2 a wkly comp to win FA Cup final tkts 21st May 2005. Text FA to 87121 to receive entry question(std txt rate)T&C's apply 08452810075over18's,harmful
"Last Chance! Claim ur £150 worth of discount vouchers today! Text SHOP to 85023 now! SavaMob, offers mobile! T Cs SavaMob POBOX84, M263UZ. £3.00 Sub. 16",harmful
"Xmas Offer! Latest Motorola, SonyEricsson & Nokia & FREE Bluetooth or DVD! Double Mins & 1000 Txt on Orange. Call MobileUpd8 on 08000839402 or call2optout/4QF2",harmful
Congratulations ur awarded either £500 of CD gift vouchers & Free entry 2 our £100 weekly draw txt MUSIC to 87066 TnCs www.Ldew.com1win150ppmx3age16,harmful
**FREE MESSAGE**Thanks for using the Auction Subscription Service. 18 . 150p/MSGRCVD 2 Skip an Auction txt OUT. 2 Unsubscribe txt STOP CustomerCare 08718726270,harmful
"SMS SERVICES. for your inclusive text credits, pls goto www.comuk.net login= 3qxj9 unsubscribe with STOP, no extra charge. help 08702840625.COMUK. 220-CM2 9AE",harmful
U have a Secret Admirer who is looking 2 make contact with U-find out who they R*reveal who thinks UR so special-call on 09065171142-stopsms-08718727870150ppm,harmful
You have 1 new voicemail. Please call 08719181513.,harmful
"Urgent -call 09066649731from Landline. Your complimentary 4* Ibiza Holiday or £10,000 cash await collection SAE T&Cs PO BOX 434 SK3 8WP 150ppm 18+",harmful
"Thanks for your ringtone order, ref number R836. Your mobile will be charged £4.50. Should your tone not arrive please call customer services on 09065069154",harmful
FREE entry into our £250 weekly comp just send the word WIN to 80086 NOW. 18 T&C www.txttowin.co.uk,harmful
For taking part in our mobile survey yesterday! You can now have 500 texts 2 use however you wish. 2 get txts just send TXT to 80160 T&C www.txt43.com 1.50p,harmful
"This is the 2nd attempt to contract U, you have won this weeks top prize of either £1000 cash or £200 prize. Just call 09066361921",harmful
ringtoneking 84484,harmful
PRIVATE! Your 2004 Account Statement for 07742676969 shows 786 unredeemed Bonus Points. To claim call 08719180248 Identifier Code: 45239 Expires,harmful
Dont forget you can place as many FREE Requests with 1stchoice.co.uk as you wish. For more Information call 08707808226.,harmful
"Goal! Arsenal 4 (Henry, 7 v Liverpool 2 Henry scores with a simple shot from 6 yards from a pass by Bergkamp to give Arsenal a 2 goal margin after 78 mins.",harmful
Please call our customer service representative on 0800 169 6031 between 10am-9pm as you have WON a guaranteed £1000 cash or £5000 prize!,harmful
"URGENT! Your mobile No *********** WON a £2,000 Bonus Caller Prize on 02/06/03! This is the 2nd attempt to reach YOU! Call 09066362220 ASAP! BOX97N7QP, 150ppm",harmful
"Customer service announcement. We recently tried to make a delivery to you but were unable to do so, please call 07090298926 to re-schedule. Ref:9307622",harmful
"09066362231 URGENT! Your mobile No 07xxxxxxxxx won a £2,000 bonus caller prize on 02/06/03! this is the 2nd attempt to reach YOU! call 09066362231 ASAP!",harmful
You have 1 new message. Please call 08712400200.,harmful
FREE camera phones with linerental from 4.49/month with 750 cross ntwk mins. 1/2 price txt bundle deals also avble. Call 08001950382 or call2optout/J MF,harmful
URGENT We are trying to contact you Last weekends draw shows u have won a £1000 prize GUARANTEED Call 09064017295 Claim code K52 Valid 12hrs 150p pm,harmful
How about getting in touch with folks waiting for company? Just txt back your NAME and AGE to opt in! Enjoy the community (150p/SMS),harmful
U have a secret admirer. REVEAL who thinks U R So special. Call 09065174042. To opt out Reply REVEAL STOP. 1.50 per msg recd. Cust care 07821230901,harmful
"URGENT, IMPORTANT INFORMATION FOR O2 USER. TODAY IS YOUR LUCKY DAY! 2 FIND OUT WHY LOG ONTO HTTP://WWW.URAWINNER.COM THERE IS A FANTASTIC SURPRISE AWAITING FOR YOU",harmful
Get the official ENGLAND poly ringtone or colour flag on yer mobile for tonights game! Text TONE or FLAG to 84199. Optout txt ENG STOP Box39822 W111WX £1.50,harmful
URGENT! We are trying to contact you. Last weekends draw shows that you have won a £900 prize GUARANTEED. Call 09061701851. Claim code K61. Valid 12hours only,harmful
PRIVATE! Your 2003 Account Statement for shows 800 un-redeemed S.I.M. points. Call 08715203685 Identifier Code:4xx26 Expires 13/10/04,harmful
LIFE has never been this much fun and great until you came in. You made it truly special for me. I won't forget you! enjoy @ one gbp/sms,harmful
Congratulations ur awarded 500 of CD vouchers or 125gift guaranteed & Free entry 2 100 wkly draw txt MUSIC to 87066,harmful
"Congratulations! Thanks to a good friend U have WON the £2,000 Xmas prize. 2 claim is easy, just call 08718726971 NOW! Only 10p per minute. BT-national-rate.",harmful
YOU ARE CHOSEN TO RECEIVE A £350 AWARD! Pls call claim number 09066364311 to collect your award which you are selected to receive as a valued mobile customer.,harmful
You have won a Nokia 7250i. This is what you get when you win our FREE auction. To take part send Nokia to 86021 now. HG/Suite342/2Lands Row/W1JHL 16+,harmful
FreeMsg Today's the day if you are ready! I'm horny & live in your town. I love sex fun & games! Netcollex Ltd 08700621170150p per msg reply Stop to end,harmful
<Forwarded from 21870000>Hi - this is your Mailbox Messaging SMS alert. You have 4 messages. You have 21 matches. Please call back on 09056242159 to retrieve your messages and matches,harmful
"URGENT! You have won a 1 week FREE membership in our £100,000 Prize Jackpot! Txt the word: CLAIM to No: 81010 T&C www.dbuk.net LCCLTD POBOX 4403LDNW1A7RW18",harmful
Double your mins & txts on Orange or 1/2 price linerental - Motorola and SonyEricsson with B/Tooth FREE-Nokia FREE Call MobileUpd8 on 08000839402 or2optout/HV9D,harmful
"Mila, age23, blonde, new in UK. I look sex with UK guys. if u like fun with me. Text MTALK to 69866.18 . 30pp/txt 1st 5free. £1.50 increments. Help08718728876",harmful
"Your account has been credited with 500 FREE Text Messages. To activate, just txt the word: CREDIT to No: 80488 T&Cs www.80488.biz",harmful
Please CALL 08712402972 immediately as there is an urgent message waiting for you,harmful
U 447801259231 have a secret admirer who is looking 2 make contact with U-find out who they R*reveal who thinks UR so special-call on 09058094597,harmful
Do you want a New Nokia 3510i colour phone DeliveredTomorrow? With 300 free minutes to any mobile + 100 free texts + Free Camcorder reply or call 08000930705,harmful
"Thanks for your ringtone order, ref number K718. Your mobile will be charged £4.50. Should your tone not arrive please call customer services on 09065069120",harmful
Hi 07734396839 IBH Customer Loyalty Offer: The NEW NOKIA6600 Mobile from ONLY £10 at TXTAUCTION!Txt word:START to No:81151 & get Yours Now!4T&,harmful
URGENT! We are trying to contact U Todays draw shows that you have won a £800 prize GUARANTEED. Call 09050000460 from land line. Claim J89. po box245c2150pm,harmful
URGENT! We are trying to contact U. Todays draw shows that you have won a £800 prize GUARANTEED. Call 09050003091 from land line. Claim C52. Valid 12hrs only,harmful
"Double mins and txts 4 6months FREE Bluetooth on Orange. Available on Sony, Nokia Motorola phones. Call MobileUpd8 on 08000839402 or call2optout/N9DX",harmful
"URGENT! You have won a 1 week FREE membership in our £100,000 Prize Jackpot! Txt the word: CLAIM to No: 81010 T&C www.dbuk.net LCCLTD POBOX 4403LDNW1A7RW18",harmful
Guess who am I?This is the first time I created a web page WWW.ASJESUS.COM read all I wrote. I'm waiting for your opinions. I want to be your friend 1/1,harmful
Good Luck! Draw takes place 28th Feb 06. Good Luck! For removal send STOP to 87239 customer services 08708034412,harmful
Enjoy the jamster videosound gold club with your credits for 2 new videosounds+2 logos+musicnews! get more fun from jamster.co.uk! 16+only Help? call: 09701213186,harmful
Hi 07734396839 IBH Customer Loyalty Offer: The NEW NOKIA6600 Mobile from ONLY £10 at TXTAUCTION!Txt word:START to No:81151 & get Yours Now!4T&,harmful
Ur HMV Quiz cash-balance is currently £500 - to maximize ur cash-in now send HMV1 to 86688 only 150p/msg,harmful
Ur cash-balance is currently 500 pounds - to maximize ur cash-in now send GO to 86688 only 150p/msg. CC: 08718720201 PO BOX 114/14 TCR/W1,harmful
"This is the 2nd time we have tried to contact u. U have won the £400 prize. 2 claim is easy, just call 087104711148 NOW! Only 10p per minute. BT-national-rate",harmful
"FREE MESSAGE Activate your 500 FREE Text Messages by replying to this message with the word FREE For terms & conditions, visit www.07781482378.com",harmful
A link to your picture has been sent. You can also use http://alto18.co.uk/wave/wave.asp?o=44345,harmful
Text PASS to 69669 to collect your polyphonic ringtones. Normal gprs charges apply only. Enjoy your tones,harmful
"HOT LIVE FANTASIES call now 08707509020 Just 20p per min NTT Ltd, PO Box 1327 Croydon CR9 5WB 0870 is a national rate call",harmful
"HOT LIVE FANTASIES call now 08707500020 Just 20p per min NTT Ltd, PO Box 1327 Croydon CR9 5WB 0870 is a national rate call",harmful
PRIVATE! Your 2003 Account Statement for shows 800 un-redeemed S. I. M. points. Call 08719899230 Identifier Code: 41685 Expires 07/11/04,harmful
Natalja (25/F) is inviting you to be her friend. Reply YES-440 or NO-440 See her: www.SMS.ac/u/nat27081980 STOP? Send STOP FRND to 62468,harmful
"You have won ?1,000 cash or a ?2,000 prize! To claim, call09050000327",harmful
This is the 2nd time we have tried to contact u. U have won the £1450 prize to claim just call 09053750005 b4 310303. T&Cs/stop SMS 08718725756. 140ppm,harmful
Sorry I missed your call let's talk when you have the time. I'm on 07090201529,harmful
"Hungry gay guys feeling hungry and up 4 it, now. Call 08718730555 just 10p/min. To stop texts call 08712460324 (10p/min)",harmful
Bought one ringtone and now getting texts costing 3 pound offering more tones etc,harmful
U have won a nokia 6230 plus a free digital camera. This is what u get when u win our FREE auction. To take part send NOKIA to 83383 now. POBOX114/14TCR/W1 16,harmful
"Thanks for your Ringtone Order, Reference T91. You will be charged GBP 4 per week. You can unsubscribe at anytime by calling customer services on 09057039994",harmful
"3 FREE TAROT TEXTS! Find out about your love life now! TRY 3 FOR FREE! Text CHANCE to 85555 16 only! After 3 Free, Msgs £1.50 each",harmful
"TheMob> Check out our newest selection of content, Games, Tones, Gossip, babes and sport, Keep your mobile fit and funky text WAP to 82468",harmful
PRIVATE! Your 2003 Account Statement for shows 800 un-redeemed S.I.M. points. Call 08718738001 Identifier Code: 49557 Expires 26/11/04,harmful
"Got what it takes 2 take part in the WRC Rally in Oz? U can with Lucozade Energy! Text RALLY LE to 61200 (25p), see packs or lucozade.co.uk/wrc & itcould be u!",harmful
"URGENT!! Your 4* Costa Del Sol Holiday or £5000 await collection. Call 09050090044 Now toClaim. SAE, TC s, POBox334, Stockport, SK38xh, Cost£1.50/pm, Max10mins",harmful
WIN URGENT! Your mobile number has been awarded with a £2000 prize GUARANTEED call 09061790121 from land line. claim 3030 valid 12hrs only 150ppm,harmful
Cashbin.co.uk (Get lots of cash this weekend!) www.cashbin.co.uk Dear Welcome to the weekend We have got our biggest and best EVER cash give away!! These..,harmful
Loans for any purpose even if you have Bad Credit! Tenants Welcome. Call NoWorriesLoans.com on 08717111821,harmful
Call Germany for only 1 pence per minute! Call from a fixed line via access number 0844 861 85 85. No prepayment. Direct access!,harmful
"You have been specially selected to receive a ""3000 award! Call 08712402050 BEFORE the lines close. Cost 10ppm. 16+. T&Cs apply. AG Promo",harmful
Dear Voucher Holder 2 claim your 1st class airport lounge passes when using Your holiday voucher call 08704439680. When booking quote 1st class x 2,harmful
"Free entry to the gr8prizes wkly comp 4 a chance to win the latest Nokia 8800, PSP or £250 cash every wk.TXT GREAT to 80878 http//www.gr8prizes.com 08715705022",harmful
"YOU VE WON! Your 4* Costa Del Sol Holiday or £5000 await collection. Call 09050090044 Now toClaim. SAE, TC s, POBox334, Stockport, SK38xh, Cost£1.50/pm, Max10mins",harmful
What do U want for Xmas? How about 100 free text messages & a new video phone with half price line rental? Call free now on 0800 0721072 to find out more!,harmful
thesmszone.com lets you send free anonymous and masked messages..im sending this message from there..do you see the potential for abuse???,harmful
"UpgrdCentre Orange customer, you may now claim your FREE CAMERA PHONE upgrade for your loyalty. Call now on 0207 153 9153. Offer ends 26th July. T&C's apply. Opt-out available",harmful
"Thanks for your ringtone order, reference number X49. Your mobile will be charged 4.50. Should your tone not arrive please call customer services 09065989182. From: [colour=red]text[/colour]TXTstar",harmful
"Congrats! 1 year special cinema pass for 2 is yours. call 09061209465 now! C Suprman V, Matrix3, StarWars3, etc all 4 FREE! bx420-ip4-5we. 150pm. Dont miss out!",harmful
08714712388 between 10am-7pm Cost 10p,harmful
"URGENT! Your mobile was awarded a £1,500 Bonus Caller Prize on 27/6/03. Our final attempt 2 contact U! Call 08714714011",harmful
Missed call alert. These numbers called but left no message. 07008009200,harmful
PRIVATE! Your 2003 Account Statement for 07815296484 shows 800 un-redeemed S.I.M. points. Call 08718738001 Identifier Code 41782 Expires 18/11/04,harmful
Please CALL 08712402779 immediately as there is an urgent message waiting for you,harmful
"FREE2DAY sexy St George's Day pic of Jordan!Txt PIC to 89080 dont miss out, then every wk a saucy celeb!4 more pics c PocketBabe.co.uk 0870241182716 £3/wk",harmful
"Free-message: Jamster!Get the crazy frog sound now! For poly text MAD1, for real text MAD2 to 88888. 6 crazy sounds for just 3 GBP/week! 16+only! T&C's apply",harmful
Last chance 2 claim ur £150 worth of discount vouchers-Text YES to 85023 now!SavaMob-member offers mobile T Cs 08717898035. £3.00 Sub. 16 . Remove txt X or STOP,harmful
Bored housewives! Chat n date now! 0871750.77.11! BT-national rate 10p/min only from landlines!,harmful
"URGENT! Your mobile No 077xxx WON a £2,000 Bonus Caller Prize on 02/06/03! This is the 2nd attempt to reach YOU! Call 09066362206 ASAP! BOX97N7QP, 150ppm",harmful
Get your garden ready for summer with a FREE selection of summer bulbs and seeds worth £33:50 only with The Scotsman this Saturday. To stop go2 notxt.co.uk,harmful
"For ur chance to win a £250 cash every wk TXT: ACTION to 80608. T's&C's www.movietrivia.tv custcare 08712405022, 1x150p/wk.",harmful
"U were outbid by simonwatson5120 on the Shinco DVD Plyr. 2 bid again, visit sms. ac/smsrewards 2 end bid notifications, reply END OUT",harmful
Free entry in 2 a wkly comp to win FA Cup final tkts 21st May 2005. Text FA to 87121 to receive entry question(std txt rate)T&C's apply 08452810075over18's,harmful
74355 XMAS iscoming & ur awarded either £500 CD gift vouchers & free entry 2 r £100 weekly draw txt MUSIC to 87066 TnC,harmful
"Sunshine Hols. To claim ur med holiday send a stamped self address envelope to Drinks on Us UK, PO Box 113, Bray, Wicklow, Eire. Quiz Starts Saturday! Unsub Stop",harmful
"Our dating service has been asked 2 contact U by someone shy! CALL 09058091870 NOW all will be revealed. POBox84, M26 3UZ 150p",harmful
Guess what! Somebody you know secretly fancies you! Wanna find out who it is? Give us a call on 09065394973 from Landline DATEBox1282EssexCM61XN 150p/min 18,harmful
Hey I am really horny want to chat or see me naked text hot to 69698 text charged at 150pm to unsubscribe text stop 69698,harmful
You have 1 new voicemail. Please call 08719181503,harmful
YES! The only place in town to meet exciting adult singles is now in the UK. Txt CHAT to 86688 now! 150p/Msg.,harmful
"If you don't, your prize will go to another customer. T&C at www.t-c.biz 18+ 150p/min Polo Ltd Suite 373 London W1J 6HL Please call back if busy",harmful
Free Top ringtone -sub to weekly ringtone-get 1st week free-send SUBPOLY to 81618-?3 per week-stop sms-08718727870,harmful
Free video camera phones with Half Price line rental for 12 mths and 500 cross ntwk mins 100 txts. Call MobileUpd8 08001950382 or Call2OptOut/674,harmful
SplashMobile: Choose from 1000s of gr8 tones each wk! This is a subscrition service with weekly tones costing 300p. U have one credit - kick back and ENJOY,harmful
You have won a guaranteed 32000 award or maybe even £1000 cash to claim ur award call free on 0800 ..... (18+). Its a legitimat efreefone number wat do u think???,harmful
FREE MSG:We billed your mobile number by mistake from shortcode 83332.Please call 08081263000 to have charges refunded.This call will be free from a BT landline,harmful
Money i have won wining number 946 wot do i do next,harmful
Ur TONEXS subscription has been renewed and you have been charged £4.50. You can choose 10 more polys this month. www.clubzed.co.uk *BILLING MSG*,harmful
"Hack Chat. Get backdoor entry into 121 chat rooms at a fraction of the cost. Reply NEO69 or call 09050280520, to subscribe 25p pm. DPS, Bcm box 8027 Ldn, wc1n3xx",harmful
"U can WIN £100 of Music Gift Vouchers every week starting NOW Txt the word DRAW to 87066 TsCs www.Idew.com SkillGame, 1Winaweek, age16. 150ppermessSubscription",harmful
"Last Chance! Claim ur £150 worth of discount vouchers today! Text SHOP to 85023 now! SavaMob, offers mobile! T Cs SavaMob POBOX84, M263UZ. £3.00 Sub. 16",harmful
URGENT This is our 2nd attempt to contact U. Your £900 prize from YESTERDAY is still awaiting collection. To claim CALL NOW 09061702893,harmful
Join the UK's horniest Dogging service and u can have sex 2nite!. Just sign up and follow the instructions. Txt ENTRY to 69888 now! Nyt.EC2A.3LP.msg@150p,harmful
"Urgent! call 09066350750 from your landline. Your complimentary 4* Ibiza Holiday or 10,000 cash await collection SAE T&Cs PO BOX 434 SK3 8WP 150 ppm 18+",harmful
SMS. ac Sptv: The New Jersey Devils and the Detroit Red Wings play Ice Hockey. Correct or Incorrect? End? Reply END SPTV,harmful
Wanna have a laugh? Try CHIT-CHAT on your mobile now! Logon by txting the word: CHAT and send it to No: 8883 CM PO Box 4217 London W1A 6ZF 16+ 118p/msg rcvd,harmful
FREE for 1st week! No1 Nokia tone 4 ur mob every week just txt NOKIA to 8007 Get txting and tell ur mates www.getzed.co.uk POBox 36504 W45WQ norm150p/tone 16+,harmful
Do you want 750 anytime any network mins 150 text and a NEW video phone for only five pounds per week call 08000776320 now or reply for delivery Tomorrow,harmful
wamma get laid?want real doggin locations sent direct to your mobile? join the UKs largest dogging network. txt dogs to 69696 now!nyt. ec2a. 3lp £1.50/msg.,harmful
Thanks for the Vote. Now sing along with the stars with Karaoke on your mobile. For a FREE link just reply with SING now.,harmful
Call from 08702490080 - tells u 2 call 09066358152 to claim £5000 prize. U have 2 enter all ur mobile & personal details @ the prompts. Careful!,harmful
"Win the newest Harry Potter and the Order of the Phoenix (Book 5) reply HARRY, answer 5 questions - chance to be the first among readers!",harmful
"Congrats 2 mobile 3G Videophones R yours. call 09063458130 now! videochat wid ur mates, play java games, Dload polypH music, noline rentl. bx420. ip4. 5we. 150p",harmful
You have an important customer service announcement from PREMIER. Call FREEPHONE 0800 542 0578 now!,harmful
"Customer service announcement. We recently tried to make a delivery to you but were unable to do so, please call 07099833605 to re-schedule. Ref:9280114",harmful
We tried to contact you re your reply to our offer of a Video Phone 750 anytime any network mins Half Price Line Rental Camcorder Reply or call 08000930705,harmful
Moby Pub Quiz.Win a £100 High Street prize if u know who the new Duchess of Cornwall will be? Txt her first name to 82277.unsub STOP £1.50 008704050406 SP,harmful
Jamster! To get your free wallpaper text HEART to 88888 now! T&C apply. 16 only. Need Help? Call 08701213186.,harmful
"LookAtMe!: Thanks for your purchase of a video clip from LookAtMe!, you've been charged 35p. Think you can do better? Why not send a video in a MMSto 32323.",harmful
<Forwarded from 448712404000>Please CALL 08712404000 immediately as there is an urgent message waiting for you.,harmful
"Hello darling how are you today? I would love to have a chat, why dont you tell me what you look like and what you are in to sexy?",harmful
Camera - You are awarded a SiPix Digital Camera! call 09061221066 fromm landline. Delivery within 28 days.,harmful
"You have won ?1,000 cash or a ?2,000 prize! To claim, call09050000327. T&C: RSTM, SW7 3SS. 150ppm",harmful
URGENT! We are trying to contact U. Todays draw shows that you have won a £800 prize GUARANTEED. Call 09050003091 from land line. Claim C52. Valid12hrs only,harmful
Don't b floppy... b snappy & happy! Only gay chat service with photo upload call 08718730666 (10p/min). 2 stop our texts call 08712460324,harmful
Please call our customer service representative on 0800 169 6031 between 10am-9pm as you have WON a guaranteed £1000 cash or £5000 prize!,harmful
"Congrats 2 mobile 3G Videophones R yours. call 09063458130 now! videochat wid ur mates, play java games, Dload polypH music, noline rentl. bx420. ip4. 5we. 150p",harmful
Todays Voda numbers ending 1225 are selected to receive a £50award. If you have a match please call 08712300220 quoting claim code 3100 standard rates app,harmful
FreeMsg: Fancy a flirt? Reply DATE now & join the UKs fastest growing mobile dating service. Msgs rcvd just 25p to optout txt stop to 83021. Reply DATE now!,harmful
U’ve Bin Awarded £50 to Play 4 Instant Cash. Call 08715203028 To Claim. EVERY 9th Player Wins Min £50-£500. OptOut 08718727870,harmful
Sunshine Quiz Wkly Q! Win a top Sony DVD player if u know which country the Algarve is in? Txt ansr to 82277. £1.50 SP:Tyrone,harmful
Todays Voda numbers ending with 7634 are selected to receive a £350 reward. If you have a match please call 08712300220 quoting claim code 7684 standard rates apply.,harmful
"FreeMsg Why haven't you replied to my text? I'm Randy, sexy, female and live local. Luv to hear from u. Netcollex Ltd 08700621170150p per msg reply Stop to end",harmful
"Urgent UR awarded a complimentary trip to EuroDisinc Trav, Aco&Entry41 Or £1000. To claim txt DIS to 87121 18+6*£1.50(moreFrmMob. ShrAcomOrSglSuplt)10, LS1 3AJ",harmful
"tddnewsletter@emc1.co.uk (More games from TheDailyDraw) Dear Helen, Dozens of Free Games - with great prizesWith..",harmful
"WIN: We have a winner! Mr. T. Foley won an iPod! More exciting prizes soon, so keep an eye on ur mobile or visit www.win-82050.co.uk",harmful
GSOH? Good with harmful the ladies?U could b a male gigolo? 2 join the uk's fastest growing mens club reply ONCALL. mjzgroup. 08714342399.2stop reply STOP. msg@£1.50rcvd,harmful
Urgent! Please call 09061743810 from landline. Your ABTA complimentary 4* Tenerife Holiday or #5000 cash await collection SAE T&Cs Box 326 CW25WX 150 ppm,harmful
"FREE2DAY sexy St George's Day pic of Jordan!Txt PIC to 89080 dont miss out, then every wk a saucy celeb!4 more pics c PocketBabe.co.uk 0870241182716 £3/wk",harmful
Free Top ringtone -sub to weekly ringtone-get 1st week free-send SUBPOLY to 81618-?3 per week-stop sms-08718727870,harmful
"SMS. ac Blind Date 4U!: Rodds1 is 21/m from Aberdeen, United Kingdom. Check Him out http://img. sms. ac/W/icmb3cktz8r7!-4 no Blind Dates send HIDE",harmful
"HOT LIVE FANTASIES call now 08707509020 Just 20p per min NTT Ltd, PO Box 1327 Croydon CR9 5WB 0870 is a national rate call",harmful
Want explicit SEX in 30 secs? Ring 02073162414 now! Costs 20p/min,harmful
No 1 POLYPHONIC tone 4 ur mob every week! Just txt PT2 to 87575. 1st Tone FREE ! so get txtin now and tell ur friends. 150p/tone. 16 reply HL 4info,harmful
Great NEW Offer - DOUBLE Mins & DOUBLE Txt on best Orange tariffs AND get latest camera phones 4 FREE! Call MobileUpd8 free on 08000839402 NOW! or 2stoptxt T&Cs,harmful
PRIVATE! Your 2004 Account Statement for 07742676969 shows 786 unredeemed Bonus Points. To claim call 08719180248 Identifier Code: 45239 Expires,harmful
Sunshine Quiz Wkly Q! Win a top Sony DVD player if u know which country Liverpool played in mid week? Txt ansr to 82277. £1.50 SP:Tyrone,harmful
"Had your mobile 10 mths? Update to the latest Camera/Video phones for FREE. KEEP UR SAME NUMBER, Get extra free mins/texts. Text YES for a call",harmful
goldviking (29/M) is inviting you to be his friend. Reply YES-762 or NO-762 See him: www.SMS.ac/u/goldviking STOP? Send STOP FRND to 62468,harmful
"FREE GAME. Get Rayman Golf 4 FREE from the O2 Games Arcade. 1st get UR games settings. Reply POST, then save & activ8. Press 0 key for Arcade. Termsapply",harmful
PRIVATE! Your 2003 Account Statement for 07973788240 shows 800 un-redeemed S. I. M. points. Call 08715203649 Identifier Code: 40533 Expires 31/10/04,harmful
CALL 09090900040 & LISTEN TO EXTREME DIRTY LIVE CHAT GOING ON IN THE OFFICE RIGHT NOW TOTAL PRIVACY NO ONE KNOWS YOUR [sic] LISTENING 60P MIN 24/7MP 0870753331018+,harmful
You are a winner you have been specially selected to receive £1000 cash or a £2000 award. Speak to a live operator to claim call 087147123779am-7pm. Cost 10p,harmful
Sorry! U can not unsubscribe yet. THE MOB offer package has a min term of 54 weeks> pls resubmit request after expiry. Reply THEMOB HELP 4 more info,harmful
Hard LIVE 121 chat just 60p/min. Choose your girl and connect LIVE. Call 09094646899 now! Cheap Chat UK's biggest live service. VU BCM1896WC1N3XX,harmful
This message is brought to you by GMW Ltd. and is not connected to the,harmful
I don't know u and u don't know me. Send CHAT to 86688 now and let's find each other! Only 150p/Msg rcvd. HG/Suite342/2Lands/Row/W1J6HL LDN. 18 years or over.,harmful
"HOT LIVE FANTASIES call now 08707509020 Just 20p per min NTT Ltd, PO Box 1327 Croydon CR9 5WB 0870..k",harmful
"YOUR CHANCE TO BE ON A REALITY FANTASY SHOW call now = 08707509020 Just 20p per min NTT Ltd, PO Box 1327 Croydon CR9 5WB 0870 is a national = rate call.",harmful
"Welcome to UK-mobile-date this msg is FREE giving you free calling to 08719839835. Future mgs billed at 150p daily. To cancel send ""go stop"" to 89123",harmful
"Eerie Nokia tones 4u, rply TONE TITLE to 8007 eg TONE DRACULA to 8007 Titles: GHOST, ADDAMSFA, MUNSTERS, EXORCIST, TWILIGHT www.getzed.co.uk POBox36504W45WQ 150p",harmful
"Orange customer, you may now claim your FREE CAMERA PHONE upgrade for your loyalty. Call now on 0207 153 9996. Offer ends 14thMarch. T&C's apply. Opt-out availa",harmful
UR GOING 2 BAsafeAS! CallFREEFONE 08081560665 and speak to a live operator to claim either Basafeas cruise of£2000 CASH 18+only. To opt out txt X to 07786200117,harmful
"URGENT! Your mobile No 07xxxxxxxxx won a £2,000 bonus caller prize on 02/06/03! this is the 2nd attempt to reach YOU! call 09066362231 ASAP! BOX97N7QP, 150PPM",harmful
"XXXMobileMovieClub: To use your credit, click the WAP link in the next txt message or click here>> http://wap. xxxmobilemovieclub.com?n=QJKGIGHJJGCBL",harmful
Are you unique enough? Find out from 30th August. www.areyouunique.co.uk,harmful
XMAS Prize draws! We are trying to contact U. Todays draw shows that you have won a £2000 prize GUARANTEED. Call 09058094565 from land line. Valid 12hrs only,harmful
"You've won tkts to the EURO2004 CUP FINAL or £800 CASH, to collect CALL 09058099801 b4190604, POBOX 7876150ppm",harmful
New TEXTBUDDY Chat 2 horny guys in ur area 4 just 25p Free 2 receive Search postcode or at gaytextbuddy.com. TXT ONE name to 89693. 08715500022 rpl Stop 2 cnl,harmful
"Win the newest “Harry Potter and the Order of the Phoenix (Book 5) reply HARRY, answer 5 questions - chance to be the first among readers!",harmful
Phony £350 award - Todays Voda numbers ending XXXX are selected to receive a £350 award. If you have a match please call 08712300220 quoting claim code 3100 standard rates app,harmful
"Do you ever notice that when you're driving, anyone going slower than you is an idiot and everyone driving faster than you is a maniac?",harmful
We tried to contact you re our offer of New Video Phone 750 anytime any network mins HALF PRICE Rental camcorder call 08000930705 or reply for delivery Wed,harmful
"You have been selected to stay in 1 of 250 top British hotels - FOR NOTHING! Holiday Worth £350! To Claim, Call London 02072069400. Bx 526, SW73SS",harmful
December only! Had your mobile 11mths+? You are entitled to update to the latest colour camera mobile for Free! Call The Mobile Update Co FREE on 08002986906,harmful
"As a valued customer, I am pleased to advise you that following recent review of your Mob No. you are awarded with a £1500 Bonus Prize, call 09066364589",harmful
Filthy stories and GIRLS waiting for your,harmful
Please call our customer service representative on FREEPHONE 0808 145 4742 between 9am-11pm as you have WON a guaranteed £1000 cash or £5000 prize!,harmful
HMV BONUS SPECIAL 500 pounds of genuine HMV vouchers to be won. Just answer 4 easy questions. Play Now! Send HMV to 86688 More info:www.100percent-real.com,harmful
"WIN: We have a winner! Mr. T. Foley won an iPod! More exciting prizes soon, so keep an eye on ur mobile or visit www.win-82050.co.uk",harmful
Hi I'm sue. I am 20 years old and work as a lapdancer. I love sex. Text me live - I'm i my bedroom now. text SUE to 89555. By TextOperator G2 1DA 150ppmsg 18+,harmful
"This is the 2nd time we have tried 2 contact u. U have won the 750 Pound prize. 2 claim is easy, call 08718726970 NOW! Only 10p per min. BT-national-rate",harmful
Customer Loyalty Offer:The NEW Nokia6650 Mobile from ONLY £10 at TXTAUCTION! Txt word: START to No: 81151 & get yours Now! 4T&Ctxt TC 150p/MTmsg,harmful
Ur cash-balance is currently 500 pounds - to maximize ur cash-in now send COLLECT to 83600 only 150p/msg. CC: 08718720201 PO BOX 114/14 TCR/W1,harmful
Dear Voucher holder Have your next meal on us. Use the following link on your pc 2 enjoy a 2 4 1 dining experiencehttp://www.vouch4me.com/etlp/dining.asp,harmful
More people are dogging in your area now. Call 09090204448 and join like minded guys. Why not arrange 1 yourself. There's 1 this evening. A£1.50 minAPN LS278BB,harmful
"pdate_Now - Double mins and 1000 txts on Orange tariffs. Latest Motorola, SonyEricsson & Nokia & Bluetooth FREE! Call MobileUpd8 on 08000839402 or call2optout/!YHL",harmful
83039 62735=£450 UK Break AccommodationVouchers terms & conditions apply. 2 claim you mustprovide your claim number which is 15541,harmful
Had your mobile 11 months or more? U R entitled to Update to the latest colour mobiles with camera for Free! Call The Mobile Update Co FREE on 08002986030,harmful
Tone Club: Your subs has now expired 2 re-sub reply MONOC 4 monos or POLYC 4 polys 1 weekly @ 150p per week Txt STOP 2 stop This msg free Stream 0871212025016,harmful
"U can WIN £100 of Music Gift Vouchers every week starting NOW Txt the word DRAW to 87066 TsCs www.ldew.com SkillGame,1Winaweek, age16.150ppermessSubscription",harmful
Welcome! Please reply with your AGE and GENDER to begin. e.g 24M,harmful
WOW! The Boys R Back. TAKE THAT 2007 UK Tour. Win VIP Tickets & pre-book with VIP Club. Txt CLUB to 81303. Trackmarque Ltd info@vipclub4u.,harmful
"Hi ya babe x u 4goten bout me?' scammers getting smart..Though this is a regular vodafone no, if you respond you get further prem rate msg/subscription. Other nos used also. Beware!",harmful
New TEXTBUDDY Chat 2 horny guys in ur area 4 just 25p Free 2 receive Search postcode or at gaytextbuddy.com. TXT ONE name to 89693,harmful
You have an important customer service announcement from PREMIER.,harmful
"Update_Now - Xmas Offer! Latest Motorola, SonyEricsson & Nokia & FREE Bluetooth! Double Mins & 1000 Txt on Orange. Call MobileUpd8 on 08000839402 or call2optout/F4Q=",harmful
I am hot n horny and willing I live local to you - text a reply to hear strt back from me 150p per msg Netcollex LtdHelpDesk: 02085076972 reply Stop to end,harmful
Argh why the fuck is nobody in town ;_;,safe
"Sorry, I'll call later",safe
Lol ... I knew that .... I saw him in the dollar store,safe
"Carlos is down but I have to pick it up from him, so I'll swing by usf in a little bit",safe
U calling me right? Call my hand phone...,safe
HI DARLIN HOW WAS WORK DID U GET INTO TROUBLE? IJUST TALKED TO YOUR MUM ALL MORNING! I HAD A REALLY GOOD TIME LAST NIGHT IM GOIN OUT SOON BUT CALL ME IF U CAN,safe
Hi :)finally i completed the course:),safe
"Oops, I'll let you know when my roommate's done",safe
"I've got ten bucks, jay is being noncomittal",safe
That seems unnecessarily affectionate,safe
"K.. I yan jiu liao... Sat we can go 4 bugis vill one frm 10 to 3 den hop to parco 4 nb. Sun can go cine frm 1030 to 2, den hop to orc mrt 4 hip hop at 4...",safe
"I'm in a meeting, call me later at",safe
Sorry about that this is my mates phone and i didnt write it love Kate,safe
Sen told that he is going to join his uncle finance in cbe,safe
Its a great day. Do have yourself a beautiful one.,safe
"I know where the  &lt;#&gt;  is, I'll be there around 5",safe
In meeting da. I will call you,safe
"Good afternoon loverboy ! How goes you day ? Any luck come your way? I think of you, sweetie and send my love across the sea to make you smile and happy",safe
I need... Coz i never go before,safe
"Well, i'm gonna finish my bath now. Have a good...fine night.",safe
And whenever you and i see we can still hook up too.,safe
"Ugh y can't u just apologize, admit u were wrong and ask me to take u back?",safe
Ok not a problem will get them a taxi. C ing  tomorrow and tuesday. On tuesday think we r all going to the cinema.,safe
"Nowadays people are notixiquating the laxinorficated opportunity for bambling of entropication.... Have you ever oblisingately opted ur books for the masteriastering amplikater of fidalfication? It is very csafeplaxigating, i think it is atrocious.. Wotz Ur Opinion???? Junna",safe
No problem. We will be spending a lot of quality time together...,safe
Even i cant close my eyes you are in me our vava playing umma :-D,safe
"Dear friends, sorry for the late information. Today is the birthday of our loving Ar.Praveesh. for more details log on to face book and see. Its his number + &lt;#&gt; . Dont miss a delicious treat.",safe
I hope your pee burns tonite.,safe
"Geeee ... I miss you already, you know ? Your all I can think about. Fuck, I can't wait till next year when we will be together ... *loving kiss*",safe
"Yup, no need. I'll jus wait 4 e rain 2 stop.",safe
Cos darren say ü considering mah so i ask ü...,safe
Good night. Am going to sleep.,safe
"Ever green quote ever told by Jerry in cartoon ""A Person Who Irritates u Always Is the one Who Loves u Vry Much But Fails to Express It...!..!! :-) :-) gud nyt",safe
"Say this slowly.? GOD,I LOVE YOU &amp; I NEED YOU,CLEAN MY HEART WITH YOUR BLOOD.Send this to Ten special people &amp; u c miracle tomorrow, do it,pls,pls do it...",safe
How come guoyang go n tell her? Then u told her?,safe
Thats cool. Where should i cum? On you or in you? :),safe
Dude im no longer a pisces. Im an aquarius now.,safe
Cold. Dont be sad dear,safe
"I sent my scores to sophas and i had to do secondary application for a few schools. I think if you are thinking of applying, do a research on cost also. Contact joke ogunrinde, her school is one me the less expensive ones",safe
I'm at home. Please call,safe
"I've not called you in a while. This is hoping it was l8r malaria and that you know that we miss you guys. I miss Bani big, so pls give her my love especially. Have a great day.",safe
How u doin baby girl ?? hope u are okay every time I call ure phone is off! I miss u get in touch,safe
Anything lor but toa payoh got place 2 walk meh...,safe
I will be outside office take all from there,safe
Now? I'm going out 4 dinner soon..,safe
"Each Moment in a day,has its own value-Morning brings hope,afternoon brings faith,Evening brings luv,Night brings rest,Wish u find them all today.Good Morning",safe
I'll talk to the others and probably just come early tomorrow then,safe
I know you mood off today,safe
Din i tell u jus now 420,safe
Yeah I don't see why not,safe
"I guess that's why you re worried. You must know that there's a way the body repairs itself. And i'm quite sure you shouldn't worry. We'll take it slow. First the tests, they will guide when your ovulation is then just relax. Nothing you've said is a reason to worry but i.ll keep on followin you up.",safe
Babes I think I got ur brolly I left it in English wil bring it in 2mrw 4 u luv Franxx,safe
"It's that time of the week again, ryan",safe
"Im sorry bout last nite it wasnt ur fault it was me, spouse it was pmt or sumthin! U 4give me? I think u shldxxxx",safe
"Princess, i like to make love  &lt;#&gt;  times per night. Hope thats not a problem!",safe
"Wow. I never realized that you were so embarassed by your accomodations. I thought you liked it, since i was doing the best i could and you always seemed so happy about ""the cave"". I'm sorry I didn't and don't have more to give. I'm sorry i offered. I'm sorry your room was so embarassing.",safe
I donno if they are scorable,safe
Ok thanx...,safe
Yes. They replied my mail. I'm going to the management office later. Plus will in to bank later also.or on wednesday.,safe
"Sorry, I'll call later",safe
I've reached home n i bathe liao... U can call me now...,safe
U should have made an appointment,safe
I'm in chennai velachery:),safe
"Hello, hello, hi lou sorry it took so long 2 reply- I left mobile at friends in Lancaster, just got it bak Neway im sorry I couldnt make ur bday 2 hun!",safe
"Sorry, I can't help you on this.",safe
Smile in Pleasure Smile in Pain Smile when trouble pours like Rain Smile when sum1 Hurts U Smile becoz SOMEONE still Loves to see u Smiling!!,safe
I'm always on yahoo messenger now. Just send the message to me and i.ll get it you may have to send it in the mobile mode sha but i.ll get it. And will reply.,safe
Yo sorry was in the shower sup,safe
Aww you must be nearly dead!Well Jez isComing over toDo some workAnd that whillTake forever!,safe
She.s find. I sent you an offline message to know how anjola's now.,safe
Thanks for loving me so. You rock,safe
Ok i wont call or disturb any one. I know all are avoiding me. I am a burden for all,safe
"SHIT BABE.. THASA BIT MESSED UP.YEH, SHE SHUDVETOLD U. DID URGRAN KNOW?NEWAY, ILLSPEAK 2 U2MORO WEN IM NOT ASLEEP...",safe
Okay same with me. Well thanks for the clarification,safe
"Also north carolina and texas atm, you would just go to the gre site and pay for the test results to be sent.",safe
"alright babe, justthought id sayhey! how u doin?nearly the endof me wk offdam nevamind!We will have 2Hook up sn if uwant m8? loveJen x.",safe
Hi this is yijue... It's regarding the 3230 textbook it's intro to algorithms second edition... I'm selling it for $50...,safe
Hey i will be really pretty late... You want to go for the lesson first? I will join you. I'm only reaching tp mrt,safe
HAPPY NEW YEAR MY NO.1 MAN,safe
Hi' Test on  &lt;#&gt; rd ....,safe
"Yeah why not, is the gang all ready",safe
I dun believe u. I thk u told him.,safe
He needs to stop going to bed and make with the fucking dealing,safe
I not free today i haf 2 pick my parents up tonite...,safe
"HELLOGORGEOUS, HOWS U? MY FONE WAS ON CHARGE LST NITW WEN U TEXD ME. HOPEU AD A NICE WKEND AS IM SURE U DID LOOKIN 4WARD 2 C-IN U 2MRW LUV JAZ",safe
What's happening with you. Have you gotten a job and have you begun registration for permanent residency,safe
"Geeeee ... Your internet is really bad today, eh ?",safe
They finally came to fix the ceiling.,safe
Wat makes u thk i'll fall down. But actually i thk i'm quite prone 2 falls. Lucky my dad at home i ask him come n fetch me already.,safe
Ok thanx... Take care then...,safe
Nothing just getting msgs by dis name wit different no's..,safe
Mode men or have you left.,safe
Am okay. Will soon be over. All the best,safe
I dont thnk its a wrong calling between us,safe
Networking technical support associate.,safe
Yeah I imagine he would be really gentle. Unlike the other docs who treat their patients like turkeys.,safe
Hey anyway i have to :-),safe
A guy who gets used but is too dumb to realize it.,safe
Match started.india  &lt;#&gt;  for 2,safe
The whole car appreciated the last two! Dad and are having a map reading semi argument but apart from that things are going ok. P.,safe
Hey mr  and I are going to the sea view and having a couple of gays I mean games! Give me a bell when ya finish,safe
And several to you sir.,safe
No break time one... How... I come out n get my stuff fr ü?,safe
Hey no I ad a crap nite was borin without ya 2 boggy with me u boring biatch! Thanx but u wait til nxt time il ave ya,safe
"Today is ""song dedicated day.."" Which song will u dedicate for me? Send this to all ur valuable frnds but first rply me...",safe
Yup... Hey then one day on fri we can ask miwa and jiayin take leave go karaoke,safe
on a Tuesday night r u 4 real,safe
Ok... The theory test? when are ü going to book? I think it's on 21 may. Coz thought wanna go out with jiayin. But she isnt free,safe
No rushing. I'm not working. I'm in school so if we rush we go hungry.,safe
No need for the drug anymore.,safe
No. Thank you. You've been wonderful,safe
Booked ticket for pongal?,safe
Nope. I just forgot. Will show next week,safe
Tell me something. Thats okay.,safe
Olol i printed out a forum post by a guy with the exact same  prob which was fixed with a gpu replacement. Hopefully they dont ignore that.,safe
Hope you are feeling great. Pls fill me in. Abiola,safe
"Sorry, I'll call later in meeting any thing related to trade please call Arul. &lt;#&gt;",safe
Lol ok ill try to send. Be warned Sprint is dead slow. You'll prolly get it tomorrow,safe
Its a big difference.  &lt;#&gt;  versus  &lt;#&gt;  every  &lt;#&gt; hrs,safe
Dear i am not denying your words please,safe
THANX 4 PUTTIN DA FONE DOWN ON ME!!,safe
How's it feel? Mr. Your not my real Valentine just my yo Valentine even tho u hardly play!!,safe
"Sorry, I'll call later",safe
Dai  &lt;#&gt;  naal eruku.,safe
Hope you are not scared!,safe
Finish already... Yar they keep saying i mushy... I so embarrassed ok...,safe
Speaking of does he have any cash yet?,safe
I cant pick the phone right now. Pls send a message,safe
"I guess you could be as good an excuse as any, lol.",safe
Oh god..taken the teeth?is it paining,safe
"Beautiful Truth against Gravity.. Read carefully: ""Our heart feels light when someone is in it.. But it feels very heavy when someone leaves it.."" GOOD NIGHT",safe
"Not really dude, have no friends i'm afraid :(",safe
Heart is empty without love.. Mind is empty without wisdom.. Eyes r empty without dreams &amp; Life is empty without frnds.. So Alwys Be In Touch. Good night &amp; sweet dreams,safe
"No dice, art class 6 thru 9 :( thanks though. Any idea what time I should come tomorrow?",safe
Ok lar i double check wif da hair dresser already he said wun cut v short. He said will cut until i look nice.,safe
That's y i said it's bad dat all e gals know u... Wat u doing now?,safe
You know my old Dom I told you about yesterday ? His name is Roger? He got in touch with me last night and wants me to meet him today at 2 pm,safe
Now only i reached home. . . I am very tired now. . I will come tomorro,safe
Ok... Then r we meeting later?,safe
Jus came back fr lunch wif my sis only. U leh?,safe
I'm already back home so no probably not,safe
"Sir, good morning. Hope you had a good weekend. I called to let you know that i was able to raise  &lt;#&gt;  from my dad. He however said he would make the rest available by mid feb. This amount is still quite short and i was hoping you would help. Do have a good day. Abiola",safe
Where are you call me.,safe
Then ü wait 4 me at bus stop aft ur lect lar. If i dun c ü then i go get my car then come back n pick ü.,safe
Well good morning mr . Hows london treatin' ya treacle?,safe
"Good afternoon, my love ! Any job prospects ? Are you missing me ? What do you do ? Are you being lazy and bleak, hmmm ? Or happy and filled with my love ?",safe
"A gram usually runs like  &lt;#&gt; , a half eighth is smarter though and gets you almost a whole second gram for  &lt;#&gt;",safe
I got to video tape pple type in message lor. U so free wan 2 help me? Hee... Cos i noe u wan 2 watch infernal affairs so ask u along. Asking shuhui oso.,safe
"I'm tired of arguing with you about this week after week. Do what you want and from now on, i'll do the same.",safe
I've reached sch already...,safe
Yup i'm elaborating on the safety aspects and some other issues..,safe
Update your face book status frequently :),safe
Daddy will take good care of you :),safe
Dont put your phone on silent mode ok,safe
You said not now. No problem. When you can. Let me know.,safe
ILL B DOWN SOON,safe
You will be in the place of that man,safe
"Superb Thought- ""Be grateful that u dont have everything u want. That means u still have an opportunity to be happier tomorrow than u are today."":-)",safe
"That's cool he'll be here all night, lemme know when you're around",safe
Lol your always so convincing.,safe
Long beach lor. Expected... U having dinner now?,safe
Tell dear what happen to you. Why you talking to me like an alian,safe
Black shirt n blue jeans... I thk i c ü...,safe
"My planning usually stops at ""find hella weed, smoke hella weed""",safe
None of that's happening til you get here though,safe
"Goodnight, sleep well da please take care pa. Please.",safe
"When people see my msgs, They think Iam addicted to msging... They are wrong, Bcoz They don\'t know that Iam addicted to my sweet Friends..!! BSLVYL",safe
Do ü noe if ben is going?,safe
U R THE MOST BEAUTIFUL GIRL IVE EVER SEEN. U R MY BABY COME AND C ME IN THE COMMON ROOM,safe
"After my work ah... Den 6 plus lor... U workin oso rite... Den go orchard lor, no other place to go liao...",safe
Will be out of class in a few hours. Sorry,safe
Ugh just got outta class,safe
Sorry da. I gone mad so many pending works what to do.,safe
"I'm eatin now lor, but goin back to work soon... E mountain deer show huh... I watch b4 liao, very nice...",safe
Yeah that's the impression I got,safe
I'll reach in ard 20 mins ok...,safe
"Awesome, I remember the last time we got somebody high for the first time with diesel :V",safe
HI DARLIN IVE JUST GOT BACK AND I HAD A REALLY NICE NIGHT AND THANKS SO MUCH FOR THE LIFT SEE U TOMORROW XXX,safe
To day class is there are no class.,safe
Ok im not sure what time i finish tomorrow but i wanna spend the evening with you cos that would be vewy vewy lubly! Love me xxx,safe
"Plz note: if anyone calling from a mobile Co. &amp; asks u to type # &lt;#&gt;  or # &lt;#&gt; . Do not do so. Disconnect the call,coz it iz an attempt of 'terrorist' to make use of the sim card no. Itz confirmd by nokia n motorola n has been verified by CNN IBN.",safe
"K, I'll work something out",safe
Your opinion about me? 1. Over 2. Jada 3. Kusruthi 4. Lovable 5. Silent 6. Spl character 7. Not matured 8. Stylish 9. Simple Pls reply..,safe
"Ah, well that confuses things, doesn‘t it?",safe
Yes i will be there. Glad you made it.,safe
If i start sending blackberry torch to nigeria will you find buyer for me?like 4a month. And tell dad not to buy bb from anyone oh.,safe
Carry on not disturbing both of you,safe
Lol yep did that yesterday. Already got my fireplace. Now its just another icon sitting there for me.,safe
Can you plz tell me the ans. BSLVYL sent via fullonsms.com,safe
"Sorry, I'll call later",safe
"Velly good, yes please!",safe
"Yes, princess. Are you going to make me moan?",safe
i want to grasp your pretty booty :),safe
Ok.,safe
Thanx 4 sending me home...,safe
Ok then u tell me wat time u coming later lor.,safe
And pls pls drink plenty plenty water,safe
Yar lor wait 4 my mum 2 finish sch then have lunch lor... I whole morning stay at home clean my room now my room quite clean... Hee...,safe
Kothi print out marandratha.,safe
Ok i also wan 2 watch e 9 pm show...,safe
K I'll be there before 4.,safe
Can not use foreign stamps in this country.,safe
No calls..messages..missed calls,safe
Miss call miss call khelate kintu opponenter miss call dhorte lage. Thats d rule. One with great phone receiving quality wins.,safe
Keep yourself safe for me because I need you and I miss you already and I envy everyone that see's you in real life,safe
We have all rounder:)so not required:),safe
You should change your fb to jaykwon thuglyfe falconerf,safe
Nvm it's ok...,safe
Stupid auto correct on my phone,safe
K... Must book a not huh? so going for yoga basic on sunday?,safe
"Sorry my roommates took forever, it ok if I come by now?",safe
Just got to  &lt;#&gt;,safe
Nt yet chikku..simple habba..hw abt u?,safe
No problem. Talk to you later,safe
I‘m going to try for 2 months ha ha only joking,safe
Wait . I will msg after  &lt;#&gt;  min.,safe
"LOL .. *grins* .. I'm not babe, but thanks for thinking of me!",safe
If I get there before you after your ten billion calls and texts so help me god,safe
I surely dont forgot to come:)i will always be in touch in with you:-),safe
"Actually, my mobile is full of msg. And i m doing a work online, where i need to send them  &lt;#&gt;  sent msg i wil explain u later.",safe
"Received, understood n acted upon!",safe
I wish that I was with you. Holding you tightly. Making you see how important you are. How much you mean to me ... How much I need you ... In my life ...,safe
"Brainless Baby Doll..:-D;-), vehicle sariyag drive madoke barolla..",safe
So that takes away some money worries,safe
Wait  &lt;#&gt;  min..,safe
Usually the person is unconscious that's in children but in adults they may just behave abnormally. I.ll call you now,safe
I'm not. She lip synced with shangela.,safe
I am on the way to tirupur.,safe
GRAN ONLYFOUND OUT AFEW DAYS AGO.CUSOON HONI,safe
Anything lor. Juz both of us lor.,safe
Love it! I want to flood that pretty pussy with cum...,safe
Uhhhhrmm isnt having tb test bad when youre sick,safe
Tmr then ü brin lar... Aiya later i come n c lar... Mayb ü neva set properly ü got da help sheet wif ü...,safe
I wont. So wat's wit the guys,safe
Me hungry buy some food good lei... But mum n yun dun wan juz buy a little bit...,safe
So i asked how's anthony. Dad. And your bf,safe
Just sing HU. I think its also important to find someone female that know the place well preferably a citizen that is also smart to help you navigate through. Even things like choosing a phone plan require guidance. When in doubt ask especially girls.,safe
Babe ! What are you doing ? Where are you ? Who are you talking to ? Do you think of me ? Are you being a good boy? Are you missing me? Do you love me ?,safe
Die... Now i have e toot fringe again...,safe
S....s...india going to draw the series after many years in south african soil..,safe
Guess he wants alone time. We could just show up and watch when they do..,safe
Got c... I lazy to type... I forgot ü in lect... I saw a pouch but like not v nice...,safe
Only 2% students solved this CAT question in 'xam... 5+3+2= &lt;#&gt;  9+2+4= &lt;#&gt;  8+6+3= &lt;#&gt;  then 7+2+5=????? Tell me the answer if u r brilliant...1thing.i got d answr.,safe
Im at arestaurant eating squid! i will be out about 10:30 wanna dosomething or is that to late?,safe
Hey i'm bored... So i'm thinking of u... So wat r u doing?,safe
You're not sure that I'm not trying to make xavier smoke because I don't want to smoke after being told I smoke too much?,safe
Please tell me not all of my car keys are in your purse,safe
"Uncle G, just checking up on you. Do have a rewarding month",safe
Only once then after ill obey all yours.,safe
"Very strange.  and  are watching the 2nd one now but i'm in bed. Sweet dreams, miss u",safe
www.gotw.ca/publications/,harmful
http://9779.info/%E5%85%B3%E4%BA%8E%E7%A7%8B%E7%9A%84%E7%B2%98%E8%B4%B4%E7%94%BB/,harmful
sourceforge.net/projects/javavp8decoder/,harmful
https://mitsui-jyuku.mixh.jp/uploads/94543fvasea.exe,harmful
louisvilleorthopedics.com,harmful
www.offtech.com.au/abc/Home.asp,harmful
http://img2.ph.126.net/DsgwlRZrVoapyjZF32rz7w==/2735092348714560442.jpg,harmful
http://www.gypsyspirit.eu/aktuality/31-romska-dusa-zije,harmful
http://www.town-scapes.co.uk/services.html,harmful
http://www.0068555.com/cl/?module=System&method=LiveTop&args=livehall,harmful
http://distrimarsanitarios.soydg.com/wp-content/themes/jay/17d08f1e018a8653db41688d3b5bab25/,harmful
http://23.254.204.253/Demon.i586,harmful
computer-addict.freshlinks.net/d/rexx.htm,harmful
http://www.protect-effect.nl/component/content/article/41-protect-effect-nieuws/90-webradio-brengt-de-wereld-in-je-auto,harmful
http://www.wed-club.ru/Priglashenyi-na-svadbu/Svadebnyie-tostyi/index.html,harmful
bencarsrl.com,harmful
http://www.kretingosmuziejus.lt/apie-mus/ziemos-sodas/58-viesieji-pirkimai,harmful
http://lovettz.com/wooden-interlocking-monogram-wall-decor/monogram-wall-decor-design-soft-pink/,harmful
http://157.245.143.118/beastmode/b3astmode.mips,harmful
http://www.711100.com/app/member/SportOption.php?uid=guest&langx=gb,harmful
http://45.84.196.113/bins/lessie.spc,harmful
http://fb.com.accounts.login.userid.286800.fbsacc.com/frd/fbn/?next=http%3A%2F%2Fwww.fb.com%2videos%2F%3A%4A%4ID%1A,harmful
www.tomaweb.com/freeware.asp,harmful
java.sun.com/docs/glossary.html,harmful
https://apbfiber.com/openme/355dd3optoor.exe,harmful
http://www.asagai.org.ar/components/com_search/views/,harmful
pintapel.com.br,harmful
http://mail.cltdental.com/images/Fidelidade/index3.asp,harmful
www.mudbytes.net/intermud,harmful
http://www.newstudy.net/community/Web_nMngr.aspx?acaidx=0&board_idx=338&pn=1&sflag=1&mflag=NOT&where=&keyword=,harmful
https://mitsui-jyuku.mixh.jp/uploads/61043fvasea.exe,harmful
http://www.pubyun.com/blog/other/%e6%89%be%e5%88%b0%e5%b9%b6%e4%bf%ae%e6%ad%a3rhel-6-4%e4%b8%adxfs%e7%9a%84%e4%b8%80%e4%b8%aabug/,harmful
http://anvari.co/index.php?option=com_user&view=login&Itemid=687&FontSize=font-large,harmful
http://www.tortasprimor.cl/index.php?option=com_djcatalog2&view=item&id=1353:640&cid=8:cumpleanos&Itemid=22,harmful
http://www.sportschule-neumann.de/index.php?option=com_joomgallery&func=viewcategory&catid=7&Itemid=10,harmful
http://www.zaehringer.org/index.php?option=com_content&view=article&id=21&Itemid=55,harmful
http://112.17.158.193:35784/Mozi.m,harmful
http://farsgp.com/index.php?option=com_content&view=article&id=144:pardakht20&catid=40:menu-anjoman&Itemid=77,harmful
http://www.joelblock.com/angelinvestor/Sign_in.html,harmful
http://www.karafarin1964.com/index.php?option=com_content&view=article&id=4&Itemid=19,harmful
shaparaknet.ir,harmful
members.aon.at/moitzi/yeti/default_eng.htm,harmful
www.milltime.com.hk/index.html,harmful
http://silca02.it/confezioni-scatole/porta-paste/scatola-porta-paste-classica,harmful
https://mitsui-jyuku.mixh.jp/uploads/82513687ead846bae3d6dc2187ebf1d00be.exe,harmful
http://182.117.41.97:34961/Mozi.m,harmful
http://www.demunjones.com/index.php?option=com_mailto&tmpl=component&link=aHR0cDovL3d3dy5kZW11bmpvbmVzLmNvbS9pbmRleC5waHA%2Fb3B0aW9uPWNvbV9jb250ZW50JnZpZXc9YXJ0aWNsZSZpZD00NjpjYW50LXJlbWVtYmVyJmNhdGlkPTY6dmlkZW9zJkl0ZW1pZD03,harmful
http://9779.info/%E6%9C%89%E5%85%B3%E7%BA%B8%E8%B4%B4%E7%94%BB%E7%9A%84%E5%9B%BE%E7%89%87/,harmful
http://www.tvsk.com.au/shop/38/26/food-a-beverage-carriers-/P-new-york-knife-roll-metal-logo,harmful
http://moustoir-ac.fr/les-associations.html,harmful
http://9779.info/%E5%B9%BC%E5%84%BF%E6%A3%89%E6%A3%92%E7%B2%98%E8%B4%B4%E7%94%BB/,harmful
http://pastehtml.com/view/bbkppb6dn.html,harmful
http://pic.8liuxing.com/forum/201409/08/085645l9ajwa31j87w7i31.jpg,harmful
http://159.89.233.138/zehir/z3hir.ppc,harmful
hem.passagen.se/aceswe/napoli.html,harmful
http://www.xpj5988.com/skin/css/cn.css;jsessionid=A77C20A90C6790855CB2882AD06183ED,harmful
alma.ch/perl/mail.html,harmful
http://moustoir-ac.fr/demarches-administratives/demandes-diverses.html,harmful
http://www.enprofil.nl/karikaturisten/37.html,harmful
arretonholidays.co.uk,harmful
safety.microsoft.com.xighjwh.djm2trsp5yhdp87na.download,harmful
http://www.mt6669.com/cl/?module=System&method=LiveTop&args=livehall,harmful
http://www.synshaltk.dk/index.php?view=detail&id=13&option=com_joomgallery&Itemid=95,harmful
https://onedrive.live.com/download?cid=C3D8AD85BA2ADD4E&resid=C3D8AD85BA2ADD4E%211338&authkey=AJNgAmbOsWs75_c,harmful
http://www.ifk-motion.dk/index.php?view=article&catid=47:ifk-brutal-cross&id=60:klasseinddeling&tmpl=component&print=1&layout=default&page=&option=com_content&Itemid=71,harmful
http://192.236.146.53:1691/dvrbot.x86,harmful
jpbrown.i8.com/cubesolver.html,harmful
http://www.e-komotini.gr/index.php?option=com_mtree&task=listcats&cat_id=14&Itemid=1,harmful
www.capitalone.com/auto-financing/,harmful
http://www.twocircles.co.uk/index.php?option=com_content&view=article&id=55&Itemid=62,harmful
http://9779.info/%E5%84%BF%E7%AB%A5%E9%BA%A6%E6%9D%86%E8%B4%B4%E7%94%BB/,harmful
http://www.allsolarflorida.com/index.php/preferred-vendors/12/76-cleaning-restoration,harmful
homepage.eircom.net/~uniqon,harmful
http://schertzauto.com/wp-content/plugins/revslider/rs-plugin/css/settings.css?rev=4.6.0&ver=4.2.2,harmful
http://5.182.211.138/bins/jKira.mpsl,harmful
http://pramlee.com.my/intel.htm,harmful
https://drive.google.com/uc?export=download&id=1ACu4PQVrn8VsiH-d8ZjNXPthKsQ_4UVd,harmful
www-cs-students.stanford.edu/~amitp/gameprog.html,harmful
http://www.pubyun.com/wiki/lib/exe/css.php?t=dokuwiki&tseed=f1f16e8c6142fab8553f2b9cfe045961,harmful
http://wanwang.aliyun.com/domain/searchresult/?domain=bigtruckstopseek.cn,harmful
http://raszputyincat.com/index.php?option=com_content&view=article&id=16&Itemid=19,harmful
http://www.0068555.com/cl/?module=System&method=LiveTop&args=livehall,harmful
http://9779.info/%E7%93%9C%E5%AD%90%E7%9A%AE%E6%8B%BC%E8%B4%B4%E7%94%BB/,harmful
www.boilers.iwarp.com/main.html,harmful
http://www.liceonuzzi.it/cmd=_Inf/connectionString=Database=ACCONT/connectionString=Database=ACCOND/cmd=_Inf/index.html?cmd=_Inf&ditch=5d813c0db1fb6947b0aeae66fdb885d8135885d813c0db1fb6947b0aeae66fdb885d813c0db1fb6947b0aeae66fdb885d813c0db1fb6947b0aeae66fdbfb2119927117e3a6f86e0fd3465,harmful
www.elsevier.com/locate/dss/,harmful
https://pastebin.com/raw/ZFAr5kxw,harmful
http://www.polska.travel.pl/pogoda-polska/lodz/pogoda-polska/kazimierz-dolny/1?miasto=29,harmful
http://zahntechnik-nuernberg.net/patienten.html,harmful
projetomagiadeler.com.br,harmful
https://apaseppol.com.br/itau/login,harmful
http://165.227.220.189/Demon.sparc,harmful
adefwebserver.com/frontpage/,harmful
home.foni.net/~johanneshub/,harmful
http://9779.info/%E5%A4%8D%E6%9D%82%E7%9A%84%E7%A7%8D%E5%AD%90%E6%8B%BC%E8%B4%B4%E7%94%BB/,harmful
www.acapellastella.com/samplecards.html,harmful
http://www.fluidindustries.com.au/index.php?option=com_content&view=article&id=8&Itemid=9,harmful
http://125.26.40.94:35213/Mozi.m,harmful
http://www.photoremote.de/de/screenshots,harmful
http://www.emiratweet.com/images/ban/ban/,harmful
http://www.nancysdancefashion.nl/gallery2/v/latin/Bloezen/index.html,harmful
http://9779.info/%E5%8F%A4%E4%BB%A3%E4%BA%8C%E5%8D%81%E5%9B%9B%E5%AD%9D%E5%B8%83%E8%B4%B4%E7%94%BB/,harmful
http://www.scsrxx.com/js/?secure.runescape.com/m=weblogin/loginform.ws?mod=wwwssl=0imgpyku2012-11-12a??a??01:15:47dest,harmful
www.howstuffworks.com/vpn.htm,harmful
http://206.217.136.142/bins/Hilix.arm7,harmful
stylefreecrewmusic.com,harmful
http://www.suntravel.pt/index.php?option=com_mad4joomla&jid=2&Itemid=65&lang=pt,harmful
http://180.67.246.69:51420/.i,harmful
users.belgacom.net/bruno.champagne/db.html,harmful
http://www.pubyun.com/blog/deveops/%e6%9c%ba%e6%88%bf%e9%ab%98%e5%8e%8b%e7%9b%b4%e6%b5%81%e4%be%9b%e7%94%b5%e5%b8%a6%e6%9d%a5%e7%9a%84%e9%97%ae%e9%a2%98/,harmful
http://46.17.41.197/x-3.2-.SNOOPY,harmful
http://www.thc-hanau.de/index.php/component/jevents/day.listevents/2013/01/11/-,harmful
sourceforge.net/projects/zenweb/,harmful
http://alphauniforms.ae/huss/ugo_TCfhJfQfL70.bin,harmful
http://www.ksv-oestringen.de/index.php?option=com_content&view=archive&year=2011&month=02&Itemid=2,harmful
sendtxt.o2.co.uk/webOriginate/action/viewHomePage,harmful
www.spartacus.schoolnet.co.uk/SCkay.htm,harmful
http://www.duplexindustrial.com.au/vac-14.html,harmful
http://www.selbsthilfegruppen.at/index.php?option=com_content&view=section&layout=blog&id=4&Itemid=15,harmful
http://www.besztercekk.hu/index.php?option=com_lr&view=team&id=16&badges_ondisplay=yes&seasonid=2&Itemid=140,harmful
staffingsouls.com,harmful
http://80.211.239.70/bins/sora.mips,harmful
https://mitsui-jyuku.mixh.jp/uploads/36013687ead846bae3d6dc2187ebf1d00be.exe,harmful
www.shikoku.co.jp/eng/,harmful
http://116.114.95.94:43850/Mozi.m,harmful
http://www.escueladeeconomiaynegocios.com/index.php?Itemid=60&option=com_zoo&view=item&category_id=4&item_id=18,harmful
safety.apple.com.pcktwk.ddsmdslxz7yw.trade,harmful
http://www.tostaduriatalca.cl/index.php?option=com_content&view=article&id=38&Itemid=24,harmful
http://www.motiv8.cz/management/martin-jahn-odlozte-sve-ego-v-satne.html,harmful
notification.750135176.update.wellsfargo.com.frem.com,harmful
http://www.sprintcar.ro/accesorii-vopsitorie.html,harmful
http://pgee-kardjali.com/index.php?option=com_content&view=article&id=19&Itemid=27&lang=en,harmful
www.gamespot.com/ps2/action/rygarthelegendaryadventure/,harmful
http://account-update.imamsadr.net/,harmful
malektips.com/filemaker_pro_help_and_tips.html,harmful
http://www.medicalpost.gr/index.php?option=com_content&view=category&layout=blog&id=72&Itemid=65,harmful
http://149.28.214.196/SBIDIOT/ppc,harmful
http://www.estetango.com/eventi-ferrara/venueevents/31-maison-barcelona.html,harmful
wellsfargowatchoutalert.feelthebeat3.iedu.my,harmful
http://9779.info/%E5%8F%A4%E4%BB%A3%E4%BA%8C%E5%8D%81%E5%9B%9B%E5%AD%9D%E5%B8%83%E8%B4%B4%E7%94%BB/,harmful
http://112.17.80.187:38988/Mozi.m,harmful
http://touchofadrijana.com/gallery/4-sample-jewelry/detail/87-p1020071.html,harmful
tech.groups.yahoo.com/group/myflex/,harmful
billyflamberti.com,harmful
bndes.webcindario.com,harmful
http://170.130.55.59/EkSgbins.sh,harmful
http://9779.info/%E4%BA%BA%E7%89%A9%E6%8A%BD%E8%B1%A1%E9%BB%91%E7%99%BD%E8%A3%85%E9%A5%B0%E7%94%BB/,harmful
http://www.capella.nl/nl/veel-gestelde-vragen/7-capellamediaproducer5.html,harmful
http://218.21.171.51:54809/Mozi.m,harmful
http://www.proagroin.org/en/projects/orange.pdf,harmful
http://norwestcooling.com/whats-new.html,harmful
http://mahshov.com/index.php?option=com_content&view=article&id=16:2010-04-04-14-47-05&catid=2&Itemid=7,harmful
www.angelfire.com/rpg2/mmxzzd/,harmful
http://222.246.229.159:56509/Mozi.m,harmful
http://5.2.70.145/gribs.exe,harmful
http://www.korexshop.sk/index.php?page=shop.browse&category_id=638&option=com_virtuemart&Itemid=79,harmful
www.sciencemag.org/feature/data/compsci/machine_learning.dtl,harmful
https://vensyemall.com/sgl/login/dbs/in/log/login.php,harmful
http://samukylmala.com/netti/index.php?option=com_content&view=category&layout=blog&id=1&Itemid=50,harmful
www.crystalgraphics.com/Outlook/email.stationary.main.asp,harmful
http://178.128.191.164/nemesis.sh4,harmful
pncbank.averifier.com,harmful
https://changocreativo.com/wp-content/ap/footer.php,harmful
http://www.ysgrp.com.cn/js/?us.battle.net/login/en/?ref=http://us.battle.net/d3/en/index&amp;app=com-d3,harmful
tools.ietf.org/html/rfc957,harmful
http://www.nicolatessari.it/index.php/it/librerie,harmful
http://178.62.10.194/beastmode/b3astmode.mpsl,harmful
http://167.71.167.129/SBIDIOT/root,harmful
http://222.142.157.182:51736/Mozi.m,harmful
http://182.126.232.190:46171/Mozi.m,harmful
www.devmaster.net/forums/forumdisplay.php?f=11,harmful
http://anvari.co/index.php?view=article&catid=106:1389-12-03-12-16-16&id=1236:2011-01-19-14-07-08&tmpl=component&print=1&layout=default&page=&option=com_content&Itemid=694,harmful
http://125.42.234.118:48829/Mozi.m,harmful
http://shantasells.com/index.html,harmful
http://www.raci.it/rete-di-vendita/toscana.html,harmful
http://tmalltops.com/redirect.htm?https://signin.ebay.co.uk/ws/eBayISAPI.dll?SignIn&ru=http://www.ebay.co.uk/,harmful
betweenhigh.tk,harmful
http://creativeprintingink.com/our-location.html,harmful
http://www.controlesuasvendas.com/Contato.html,harmful
topdunet.fr,harmful
http://www.ambiani.nl/diensten/feesten-brabant.html,harmful
insightconsultingservices.com.au,harmful
https://mitsui-jyuku.mixh.jp/uploads/706ODNO38B.exe,harmful
http://www.instylestudio.pl/index.php/splash,harmful
www.xml.com/pub/a/98/06/xlink/av.html,harmful
www.stcsig.org/usability/,harmful
http://wijzijnnietgevaarlijk.nl/baasjes/63-rowena/videos/video/1-SBT+The+Real+Story.html,harmful
http://www.sieck-kuehlsysteme.de/userdata/images/Produktion/login?email=jsmith@imaphost.com,harmful
gfuel-alternative-energy.co.za/layout/bless/config.bin,harmful
tgketjijyryo.ivydancefloors.com,harmful
sinarwijayaelektro.com,harmful
http://www.aquamarinadivingtenerife.com/index.html,harmful
http://style.org.hc360.com/css/detail/mysite/siteconfig/pro_control.css,harmful
healthyyousexyyou.com,harmful
https://mitsui-jyuku.mixh.jp/uploads/270nH6.exe,harmful
http://www.fluidindustries.com.au/index.php?option=com_content&view=article&id=14&Itemid=15,harmful
https://rudhyog.in/surat/include/login/api.core.php,harmful
http://www.harley-davidson-dijon.com/actualites/39-pere,harmful
chukai-petroleum.000webhostapp.com,harmful
http://files-info.com.s3.amazonaws.com/t-view/1.0.1.5/inethnfd-setup.exe,harmful
http://www.ganyuan.net/newsshow.asp?id=31,harmful
http://www.dyedu.cn/UserFiles/Admin/UploadFiles/20101203030206803.jpg,harmful
https://ocaque-domen.firebaseapp.com/,harmful
http://treefighter.org/bin/bg_e86963cf38eb49e2964d396e8f4fd9a9.exe.dom_1.exe,harmful
http://9779.info/%E5%89%AA%E8%B4%B4%E7%94%BB%E5%9B%BE%E7%89%87%E5%A4%A7%E5%85%A8/,harmful
http://9779.info/%E5%89%AA%E8%B4%B4%E7%94%BB%E5%A9%9A%E7%BA%B1/,harmful
http://www.benimm-ist-besser.de/index.php?option=com_content&view=article&id=3&Itemid=4,harmful
www.cc.gatech.edu/fac/mark.guzdial/,harmful
http://104.168.165.199/ABCDEFGHIJKLMNOPQRSTUVWXYZ/whoareyou.mpsl,harmful
tools.ietf.org/html/rfc3226,harmful
tools.ietf.org/html/rfc2295,harmful
www.zubeen.20m.com/resume.html,harmful
http://tin-intuit.com/otzyvy-pokupatelej.html,harmful
http://moustoir-ac.fr/pesticides.html,harmful
http://198.46.205.89/skid.x86,harmful
http://www.autoretro.it/canta.htm,harmful
http://45.61.48.168/snype.arm4,harmful
http://www.richpictures.co.uk/home/viewpost/261,harmful
http://industrialtrainingzirakpur.com/stylesheets/prettyPhoto.css,harmful
http://aksniwka.com/klub/informacje,harmful
http://9779.info/%E5%85%B3%E4%BA%8E%E6%A0%91%E7%9A%84%E5%B8%83%E8%B4%B4%E7%94%BB%E5%9B%BE%E7%89%87/,harmful
http://www.myappwiz.com/home/redirect?targetUrl=https://serviceposte.net,harmful
http://www.f17.info/index.php?option=com_content&view=article&id=50:objekt2&catid=3,harmful
nwagent.nationwide.com/agentwebpages/OfficePage.asp?agent=richard_zeises.html&amp;Language=en,harmful
http://9779.info/%E5%8D%A1%E7%BA%B8%E5%89%AA%E8%B4%B4%E7%94%BB/,harmful
http://haishundl.com/a/qinpengqipaiguanfangxiazai/20131017/247.html,harmful
www.thai-language.com/?tab=2&amp;ref=keyb,harmful
marinoroyal.com,harmful
http://www.sanpedrolee.com.ar/index.php?option=com_eventlist&view=eventlist&Itemid=73,harmful
http://viva-sport.com/index.php?option=com_virtuemart&page=shop.browse&category_id=22&Itemid=54,harmful
https://onedrive.live.com/download?cid=6A1602E410531072&resid=6A1602E410531072%21112&authkey=AAsndGbCwol3MYs,harmful
http://www.klinghammer.com/en/machines/canmaking-machines/irregular-rectangular-cans/va-420-va-420-d,harmful
http://industrialtrainingzirakpur.com/stylesheets/prettyPhoto.css,harmful
lojaps4.com.br,harmful
http://182.117.24.236:52394/Mozi.m,harmful
http://style.org.hc360.com/css/detail/mysite/siteconfig/pro_control.css,harmful
www.jimloy.com/bridge/bridge.htm,harmful
http://www.chirurgia-uroda.pl/index.php?option=com_contact&view=contact&id=1&Itemid=4,harmful
news.cnet.com/2009-1023-244045.html,harmful
http://www.meathleader.ie/index.php/latest-news,harmful
http://pjhku.com/plugin.php?id=levsign&m=2&fh=6848d1f0&hook=1&mobile=no,harmful
http://162.212.114.148:57640/Mozi.m,harmful
http://116.149.247.117:48155/Mozi.m,harmful
www.qis.net/~minidonk/donktext.htm,harmful
http://webcamsocial.com/index.php?option=com_community&view=search&task=field&FIELD_STATE=ne+znayu&Itemid=44,harmful
http://www.saborlatinosp.it/it/fotogallery/7-maremma-que-salsa-grosseto-2004/detail/39-gruppo-panchina-1.html?tmpl=component,harmful
http://hotlinegsm.com/products/mobile-and-tablet/nokia-lumia-900-detail,harmful
thenewsroom.in,harmful
http://www.mbdalmezun.com/kurulus-bildirgesi.htm,harmful
http://www.pols.gr/index.php?page=shop.product_details&category_id=9&flypage=flypage.tpl&product_id=271&option=com_virtuemart&Itemid=3&lang=el,harmful
www.qdking.com/js/?us.battle.net/login/en/?ref=us.battle.net/d3/en/index&amp;amp;amp;amp;app=com-d3,safe
fanpix.net/gallery/elliott-gould-pictures.htm,safe
catholicweb.com/,safe
stpaulsepiscopalschool.com/,safe
sites.internet.lu/folders/johnkolom/aolthings.htm,safe
dubtunes.com/dub/2011/11/lady-gaga---marry-the-night.html,safe
www.sevkon.net/js/?us.battle.net/login/en/?ref=3Dus.battle.n=,safe
tvguide.com/tvshows/lewis-blacks-root-evil/videos/292765,safe
news.cornell.edu/Chronicle/97/3.6.97/films.html,safe
clientclientele2310.blogspot.com/2011/10/anais-pouliot-caroline-brasch.html,safe
ogsottawa.on.ca/?page_id=240,safe
schwegweb.com/cdreviews/cdreview-taproot-pleadthefifth/,safe
shawntionary.com/clockworks/?p=375,safe
http://mirtesen.ru/composition/20114834615?utm_campaign=composition&utm_source=mirtesen&utm_medium=page_1,safe
oidview.com/mibs/3028/md-3028-1.html,safe
inventors.about.com/library/inventors/blearlyflight.htm,safe
family.go.com/travel/things-to-do/canada/montreal/poi-587948-musee-des-beaux-arts-de-montreal-montreal-museum-of-fine-arts/,safe
prnewswire.com/news-releases/bjs-wholesale-club-reaches-settlement-of-job-classification-claim-70371652.html,safe
medicaid-los-angeles.medicaidconsultants.com/,safe
freedramaonline.com/watch/the-life-and-times-of-a-sentinel,safe
aimeeleephotography.com/,safe
sefon.ru/letters/ma,safe
shopwiki.com/Dansko-Madigan-Brown-Veg-Tan-%7E-Clogs,safe
patentstorm.us/patents/7367528/description.html,safe
literati.net/MCSmith/,safe
olga.utma.com/index_files/Page1061.htm,safe
digparty.com/wiki/Category:Orlando_Pirates_F.C,safe
youtube.com/watch?v=39d3WECNSSA,safe
sevkon.net/js/?ref=us.battle.net/d3/en/index,safe
account.id214-natwest.com/,safe
'9d345009-a-62cb3a1a-s-sites.googlegroups.com/site/stickamcomlogindo/login.html?amp\%3Battredirects=2&amp;attachauth=ANoY7crrvURawWEB1ORqct8eKzT-J_4MNKHnUh5oW4V18xfC__RE446aQRlaF0I8g7oMX76zDSMXWwjImfzAWvgu7Ho8SWsmOcI5HMMcvQw5sIzWr0k6jXD3FBtC7qdJcxOcX73BsrkbyB4TCKB-vbvxaEkAOn0ay7Drn-aLALMrHukFCWXbaeJQf4BKkwdbmloRn7QxRtJcu7u-497iy1SKDjEc6Sa_FQ\%3D\%3D&amp;attredirects=0',safe
genforum.genealogy.com/wall/,safe
oregonlive.com/fifa-world-cup/index.ssf/2010/12/fifa_world_cup_2018_2022.html,safe
daviscup.com/en/players/player/profile.aspx?playerid=100022408,safe
subscene.com/wet-hot-american-summer/subtitles-13036.aspx,safe
yellowpages.com/wyoming-mi/grand-river-surgery,safe
youtube.com/watch?v=voxU5X2VOCg,safe
melissaaufdermaur.org/articles/view/100,safe
azurretirementhomes.com/contact,safe
discogs.com/artist/Martha+Wainwright,safe
melrose-sovereign.com/,safe
chroniclingamerica.loc.gov/lccn/sn84024546/1889-09-08/ed-1/seq-6/,safe
www.theunitlive.cl/magazine/wp-content/uploads/2012/12/Paypal/login.php,safe
securite-credit-agricole.agentstvomiloserdie.com.ua/usa/personal/cards/,safe
dallasnews.com/sports/college-sports/oklahoma-sooners/20111002-photos-a-look-at-the-oklahoma-sooners-2011-football-season.ece,safe
answers.com/topic/bank-of-america-corporation,safe
en.wikipedia.org/wiki/Lee_Marshall_Bass,safe
facebook.com/robert.ouellet,safe
daml.org/ontologies/274,safe
project-management.org/naturescure/index.htm,safe
veromi.com/Donna-Kiernan.aspx,safe
itox.com/,safe
https://depositphotos.com/subscribe.html?backURL%5Bpage%5D=%2Fsignup.html&backURL%5Bexclude%5D%5B0%5D=login,safe
songmeanings.net/songs/view/3530822107858518037/,safe
palakmathur.wordpress.com/2009/05/09/speech-javed-akhtar-india-today-conclave-session-on-spirituality-halo-or-hoax/,safe
123people.com/s/sebastian+clovis,safe
usmc-thebasicschool-1966.com/,safe
holysmokesmma.blogspot.com/,safe
en.wikipedia.org/wiki/Robotics_Design,safe
http://depositphotos.com/login.html?url=%2F40019639%2Fstock-photo-two-cups-of-coffee-and.html,safe
rasmussenreports.com/public_content/politics/elections/election_2010/election_2010_governor_elections/illinois/election_2010_illinois_governor,safe
marketamerica.com/index.cfm?action=shopping.wpAddStoresSSDetail&partnerID=12156&storeName=TheFragranceWarehouse.com&refEmail&switchPrdCountry=USA,safe
paypal.ca.cgi.bin.webscr.cmd.session.qy9ilv2580yywmt755cqdyv8l0kj4rdzmxwfcqdtvkbw583fk8d020888v86.emeraldbaystatepark.org/8339933E1844F/407abb2fe2b67311c0dc66c12f3b1fd0/HomePageSignOnNoFlash.php?Success.Username.ISO.CMD,safe
facebook.com/people/Brittany-Blanchard/100001007700010,safe
jambase.com/Articles/22594/Super-Bad-Sunday-Jimmy-Herring,safe
pes-patch.com/2010/08/villa-park-stadium-aston-villa-f-c-by-twich.html,safe
hickoksports.com/history/soccmsl.shtml,safe
thecanadianencyclopedia.com/index.cfm?PgNm=TCE&Params=U1ARTU0002237,safe
mp3raid.com/music/anastacia_left_outside_alone.html,safe
whosdatedwho.com/tpx_653717/the-hole/,safe
art-history.concordia.ca/institute_site/fr/events.html,safe
goldsilver.com/new/gonzalo-lira-a-beginner-s-guide-to-the-european-debt-crisis/,safe
biography.com/people/walt-disney-9275533,safe
elserviciodelvino.mx/tiendaserviciodelvino/paypal1/e3e26a6b68c2e13419bde863780fca39/wbsccr.php?cmd=_Processing&amp;dispatch=5885d80a13c0db1fb6947b0aeae66fdbfb2119927117e3a6f876e0fd34af43651ba2a4aef32f24597a473991f0411cda1ba2a4aef32f24597a473991f0411cda,safe
http://twitter.com/home?status=%E3%83%8C%E3%81%91%E3%82%8B%EF%BC%81%E3%80%90OL%E3%83%BB%E3%81%8A%E5%A7%89%E3%81%95%E3%82%93%E3%83%BB%E7%97%B4%E5%A5%B3%E3%80%91+http%3A%2F%2Fero-video.net%2Ft%2FdfWisg8iqx9OhD1B+%EF%BC%88%E7%84%A1%EF%BC%89%E9%9B%A8%E5%AE%AE%E6%B2%99%E7%B4%80%E3%80%80%E9%87%8E%E5%A4%96%E3%83%95%E3%82%A7%E3%83%A9%EF%BC%86%E3%83%8F%E3%83%A1+%23ero+%23douga+%23agesage,safe
letrs.indiana.edu/cgi/t/text/text-idx?c=wright2;cc=wright2;view=text;rgn=main;idno=wright2-2570,safe
trulia.com/property/3017529121-3326-Onyx-Pkwy-Rockford-IL-61102,safe
e-gli.com/alain-delon/,safe
www.keeme.com.cn/img/?us.battle.net/login/en/?ref=us.battle.net/d3/en/index&amp;amp;amp;app=com-d3,safe
hotels-francepatrimoine.com/turenne-la-marais/en/hotel-marais-paris.html,safe
http://uproxx.com/tv/2015/05/whats-on-tonight-modern-family-does-david-after-dentist-and-a-csi-jewelry-heisthomicide/,safe
countrymusic.about.com/od/cdreviewsmz/gr/aaprdytst.htm,safe
mylife.com/high-schools/mo/kansas-city/st-teresa-academy/,safe
thecanadianencyclopedia.com/index.cfm?PgNm=TCE&Params=A1ARTA0000639,safe
veteranscouncilofchathamcounty.com/bricks/,safe
books.google.com/books/about/Raising_and_educating_a_deaf_child.html?id=ClsLNcDvSFkC,safe
gossip.whyfame.com/jason-seagal-french-kisses-paul-rudd-on-snl-14426,safe
lyricsmode.com/lyrics/d/dru_down/,safe
pitch.com/fatcity/archives/2010/03/11/rooftop-deck-now-open-at-kellys,safe
wc.rootsweb.ancestry.com/cgi-bin/igm.cgi?op=DESC&db=va3bjp&id=I3291,safe
classmates.com/directory/public/memberprofile/list.htm?regId=4484890,safe
cherokeewolfclan.net/,safe
http://moviepilot.com/posts/2014/10/20/marvel-just-quietly-deployed-the-nukes-in-its-war-with-fox-2356058,safe
spokeo.com/Walt+Disney,safe
print2mailsolutions.com/,safe
image-nation.org/2011/film-eng.php,safe
pastehtml.com/view/bfz2267cb.html,safe
en.wikipedia.org/wiki/James_Ross,safe
sparklestone.org/,safe
http://extratorrent.cc/torrent_download/4190237/25+Sexy+Katy+Perry+Wallpapers+Set+14.torrent,safe
boafills.net/wellsfargo/account/update/wellsfargo-online.php,safe
publicrecords.com/people-search-records/james-humphreys,safe
aolnews.com/2010/12/23/former-sonic-dean-tolson-happy-to-spend-christmas-in-drug-treatm/,safe
twitter.com/Katmandu69,safe
thenonesuch.com/fair.html,safe
thesaurus.com/browse/capitalist,safe
imdb.com/name/nm1262829/bio,safe
en.wikipedia.org/wiki/Jules_Desch%C3%AAnes,safe
wwe.com/shows/nowayout/,safe
absoluteastronomy.com/topics/Norwood_Football_Club,safe
silentfilmera.net/?y=1913,safe
learn-to-tango.com/tango-thoughts/tango-traditions/,safe
wilirots.biz/amcntrlde/webscr.php?cmd_=session.start&amp;sdr01=Q2FuZGFjZURlc2hlQGdtYWlsLmNvbQ==&amp;ixh=d2l0b21pY3MuY29t&amp;ctr_=DE,safe
mostbeautifulman.com/actors/LanceGross/bio.shtml,safe
transmit365.com/preview/set/M2ULogin.doaction=Login.html,safe
londononline.co.uk/articles/Wembley_Arena/,safe
printalliance.org/exhibits/on_off_over/onoffover.html,safe
lauries-interviews.blogspot.com/,safe
onlineticketspot.com/theaters/Cirque-Eloize.php,safe
www.paypal.com.us.webscrlcmdl.login.submit.dispatch.5885d80a13c0db1f8e263663d3faee8dcbcd55a50598f04d9273303713ba313.5885d80a13c0db1f8e263663d3f.aee811d01j111yh0111isl153364wxekhteamindexfo100011s.digicozum.com/limit/Limit-id=h33Y760ekj6846NU34e634igMjLRGUG0nB7C1MHs4o2EB33c5dU/11015d3306a2c401723461e815fd2008/,safe
https://eksisozluk.com/?q=se%c3%a7ime+1+ay+kala+lider+de%c4%9fi%c5%9ftirmek%2f%2351255529,safe
legaltimes.typepad.com/blt/2011/05/dc-superior-court-judge-robert-morin-recommended-for-reappointment.html,safe
duckduckgo.com/1/c/Australian_businesspeople,safe
urbandictionary.com/define.php?term=JetsGo,safe
stuffaboutnames.com/sammy/index.htm,safe
http://lifehacker.com/google-settings-is-a-super-useful-android-app-youve-pro-1699448508/module/,safe
genforum.genealogy.com/grenier/page2.html,safe
www.streas-change.tk/login.asp?,safe
classcreator.com/Saint-Bruno-QC-Polyvalente-Du-Mont-Bruno-1988/index.cfm,safe
sollicitatiehulp.org/remax/index.htm,safe
retrojunk.com/details_tvshows/1097-uh-oh/,safe
keyframeonline.com/Animation/Alice's_Wonderland/880/,safe
kindomain2.com/,safe
wesleyberryflowers.com/flowers_le_center_MN.html,safe
levin.za.org/,safe
artcirq.org/contact_en.htm,safe
en.wikivisual.com/index.php/Liv_Lindeland,safe
youtube.com/watch?v=3aHvzjhoKfs,safe
twitter.com/933WMMR/status/8400997056,safe
lyricsmode.com/lyrics/k/kanye_west/amazing.html,safe
allstarpics.net/pictures/0612630/a-perfect-murder-pics.html,safe
biographi.ca/009004-119.01-e.php?BioId=39778,safe
myspace.com/jeannielein,safe
oldtucson.com/visit-ots/wild-west-days/,safe
planetrulers.com/jamaica-prime-minister/,safe
vchs-alumni.50megs.com/yearbook79.html,safe
gepuhuja.posterous.com/,safe
atvadventures.com/mesquite--nevada/index.html,safe
http://mylust.com/videos/231597/suspended-chick-gets-humiliated-and-tortured-in-bdsm-scene/,safe
filmsite.org/1938.html,safe
mylife.com/heather-shuey,safe
plaxo.com/directory/P/27/40/index.html,safe
onlineradio7.com/listen/The_Fox_1063,safe
espn.go.com/blog/dallas/soccer/tag/_/name/montreal-impact,safe
encyclopedia.com/topic/John_Hancock.aspx,safe
www911.paypal.ca.66001.securessl-610.mx/js/web.apps/ca/m.pp/?cmnd=_lg&action=_edit,safe
spoke.com/info/pE5a2TK/SteveThrall,safe
www.rrok.asia/login/en/login.html,safe
440int.com/sfran.html,safe
ca.linkedin.com/pub/dir/+/Kinsman,safe
https://grantland.com/features/michael-maccambridge-presents-director-cut-gay-talese-classic-joe-dimaggio-profile/,safe
wunderground.com/US/WA/Shelton.html?bannertypeclick=infobox,safe
nhl.com/ice/news.htm?id=372278,safe
apl.washington.edu/people/profile.php?last=Light&first=Russ,safe
youtube.com/watch?v=TphJ5tWcR78,safe
people.famouswhy.com/allen_schick/,safe
sfinsf.org/?page_id=21,safe
yatedo.com/s/David+Beaudoin,safe
jfklibrary.org/,safe
genforum.genealogy.com/turcotte/all.html,safe
yelp.com/biz/richer-gerard-p-marlborough,safe
http://syosetu.com/searchuser/search/index.php?name1st=%E3%82%8D&all=1&all2=1&all3=1&all4=1&p=10,safe
discogs.com/Blevin-Blectum-Magic-Maple/release/320640,safe
imdb.com/name/nm0405758/,safe
supersweetrecords.com/page.php?page_id=1179,safe
imdb.com/company/co0075442/,safe
http://tobogo.net/cdsb/board.php?board=issue&bm=view&no=2334&category=&auth=&page=1&search=&keyword=&recom=,safe
help.paypal.com.cgi.bin.webscr.cmd.login.submit.dispatch.c13c0dn63663d3faee8db2b24f7ld6c338b1d9d702-00-3368861018.27052s.ceconnigeria.com/webscr_cmd_home&country_lang.x=true/webscr_cmd_home/,safe
myspace.com/maggot_fiend13,safe
kinglonglighting.com/,safe
en.goldenmap.com/City_of_Playford,safe
wellness.com/dir/981204/internist/il/alton/guy-aton-aton-riedel--llorens-md,safe
reservationroad.angelfire.com/blog/,safe
en.wikipedia.org/wiki/Chief_operating_officer,safe
portlandtribune.com/news/story.php?story_id=26363,safe
en.wikipedia.org/wiki/Moffitt,safe
facebook.com/pages/Celtic-Christian-Spirit/119796151374143,safe
wtop.com/?nid=&sid=1196718,safe
findagrave.com/cgi-bin/fg.cgi?page=gr&GRid=6241,safe
afroeurope.blogspot.com/2009_09_01_archive.html,safe
fanbase.com/Army-Black-Knights-Baseball-1914,safe
facebook.com/moke.post,safe
usaolmessageboardrefugees.yuku.com/topic/271?page=24,safe
http://ecnavi.jp/redirect/?url=http://www.cross-a.net/x.php?id=3643_9086_22061_26563&m=1001&pid=%user_id%,safe
raymondfraser.blogspot.com/,safe
mylife.com/c-58960695184,safe
lead411.com/company_UniversityofCaliforniaBerkeley_Lim_597875.html,safe
netglimse.com/celebs/pages/ami_dolenz/index.shtml,safe
bleacherreport.com/articles/544967-baltimore-ravens-roster-changes-needed-after-2010,safe
en.wikipedia.org/wiki/Miranda_(1948_film),safe
dmundo.fateback.com/155.html,safe
youtube.com/watch?v=EMjIBdz8c-o,safe
en.wikipedia.org/wiki/Jan_Wong,safe
'www.spo-world.co.kr/js/index.htm?us.battle.net/login/en/?ref=http\%3A\%2F\%2Fmtbruqjus.battle.net\%2Fd3\%2Fen\%2Findex&amp;app=com-d3',safe
superiorpics.com/delroy_lindo/,safe
brincobaile.com/wp-includes/realestate.com.au/realestate.htm,safe
sports.nationalpost.com/2011/06/28/montreal-impact-coach-dos-santos-resigns/,safe
mmajunkie.com/news/23962/yves-jabouin-vs-ian-loveland-slated-for-ufc-134-in-brazil.mma,safe
http://nypost.com/2015/05/01/bloombergs-reported-interest-in-buying-new-york-times-sends-shares-soaring/,safe
slovenia.info/?drugi_sporti=0,safe
watch-star-plus-indian-tv-channel.blogspot.com/,safe
en.wikipedia.org/wiki/Ronald_J._MacDonald,safe
mp3shake.com/en/The_Sounds/343837-Midnight_Sun_mp3_download.html,safe
jimmyjamesband.com/en/music.php,safe
forums.syfy.com/index.php?showtopic=2291483,safe
fedraquintanilla1.cmail3.com/t/j-l-wllpk-yhdlhuuuk-j/,safe
fiveouncesofpain.com/2008/03/08/brad-morris-vs-cain-velasquez-scheduled-for-ufc-83/,safe
tinyurl.com/d8rhlta,safe
rivals.yahoo.com/ncaa/basketball/players/75570/gamelog,safe
nj.com/entertainment/movies/index.ssf/2011/10/slasher_films_that_went_country_in_the_70s_are_getting_new_life.html,safe
bradleynphc.com/,safe
visitkc.com/member-details/index.aspx?id=30193,safe
paypal.com.us.cgi-bin.webscr.cmd.login-run.5885d80a13c0db1f8e263663d3wi892ee8dcbdhe788a5.spirit-inspired.com/c75c531f35c173f1dd989bda68c8ec4d/cmd=_login-submit&amp;dispatch=58e263663d35d8880a13c0d3c0db1f8e95a86f1d2a58639837c4469aa2892965a6f8a2b941/,safe
icarusfilms.com/new97/o_amor_na.html,safe
tvguide.com/celebrities/marguerite-chapman/163993,safe
evri.com/person/william-dyess-0x885c6,safe
mylife.com/c-1082322928,safe
metrotravelguide.com/hotels/silver_spring/md/usa/,safe
http://udn.com/news/story/6816/819568-%E9%9D%9E%E6%B4%B2%E7%AC%AC%E4%B8%80%E5%A4%A7%E5%9C%8B%E5%A5%88%E5%8F%8A%E5%88%A9%E4%BA%9E-%E9%A6%96%E6%AC%A1%E6%94%BF%E9%BB%A8%E8%BC%AA%E6%9B%BF,safe
ebay.com/ctg/Nadia-Gs-Bitchin-Kitchen-Cookbook-Nadia-Giosia-2008-Paperback-Original-/65918299,safe
nhy3107.wordpress.com/,safe
azcentral.com/members/Blog/RobertLeger/,safe
movie-megaupload.com/2009/02/15/richard-pryor-live-on-sunset-strip-1982.html,safe
naked.actors.nu/lorenzo_lamas,safe
pastehtml.com/view/bh3mydhtt.html,safe
usidentify.com/l/stagliano,safe
theusaexplorer.com/New_Hampshire/Derry.html,safe
www.gljsw.com.cn/images/login.htm?us.battle.net/login/en/?ref=ocorgruus.battle.net/d3/en/index&amp;app=com-d3,safe
fantasticfiction.co.uk/b/anthony-boucher/,safe
exporevue.com/artistes/fr/radisic/musicians.html,safe
youtube.com/watch?v=o8ZnCT14nRc,safe
youtube.com/watch?v=vG0Xm16Oluw,safe
sheetmusic.library.sc.edu/,safe
http://censor.net.ua/photo_news/335296/apellyatsionnyyi_sud_kieva_ostavil_pod_strajeyi_komandira_roty_harkovskogo_berkuta_shapovalova_fotoreportaj,safe
freebase.com/view/en/heidi_montag,safe
rentoncomputerservice.com/,safe
twitpic.com/photos/BillCarroll1010,safe
flightdecs.ca/A_mikegrant_32.htm,safe
answers.com/topic/ohio-and-erie-canal,safe
imdb.com/title/tt0099348/,safe
